;Afghanistan;Albania;Algeria;Andorra;Angola;Anguilla;Antigua and Barbuda;Argentina;Armenia;Aruba;Australia;Austria;Azerbaijan;Bahamas;Bahrain;Bangladesh;Barbados;Belarus;Belgium;Belize;Benin;Bermuda;Bhutan;Bosnia and Herzegovina;Botswana;Brazil;British Virgin Islands;Brunei Darussalam;Bulgaria;Burkina Faso;Burundi;Cambodia;Canada;Cape Verde;Cayman Islands;Central African Republic;Chad;Chile;China;Colombia;Comoros;Congo;Cook Islands;Costa Rica;C�te d'Ivoire;Croatia;Cuba;Cyprus;Czech Republic;North Korea;Democratic Republic of the Congo;Denmark;Djibouti;Dominica;Dominican Republic;Ecuador;Egypt;El Salvador;Equatorial Guinea;Eritrea;Estonia;Ethiopia;Faeroe Islands;Falkland Islands (Malvinas);Micronesia (Federated States of);Fiji;Finland;France;French Guiana;French Polynesia;Gabon;Gambia;Georgia;Germany;Ghana;Gibraltar;Greece;Greenland;Grenada;Guadeloupe;Guatemala;Guinea;Guinea-Bissau;Guyana;Haiti;Honduras;Hong Kong;Hungary;Iceland;India;Indonesia;Iraq;Ireland;Iran;Israel;Italy;Jamaica;Japan;Jordan;Kazakhstan;Kenya;Kiribati;Kuwait;Kyrgyzstan;Laos;Latvia;Lebanon;Lesotho;Liberia;Libya;Liechtenstein;Lithuania;Luxembourg;Macao;Macedonia (Republic of);Madagascar;Malawi;Malaysia;Maldives;Mali;Malta;Marshall Islands;Martinique;Mauritania;Mauritius;Mexico;Mongolia;Montenegro;Montserrat;Morocco;Mozambique;Myanmar;Namibia;Nauru;Nepal;Netherlands Antilles;Netherlands;New Caledonia;New Zealand;Nicaragua;Niger;Nigeria;Niue;Norway;Occupied Palestinian Territory;Oman;Pakistan;Palau;Panama;Papua New Guinea;Paraguay;Peru;Philippines;Bolivia;Poland;Portugal;Qatar;Cameroon;South Korea;Moldova;R�union;Romania;Russian Federation;Rwanda;Saint Helena;Saint Lucia;Samoa;Sao Tome and Principe;Saudi Arabia;Senegal;Serbia;Seychelles;Sierra Leone;Singapore;Slovakia;Slovenia;Solomon Islands;Somalia;South Africa;Spain;Sri Lanka;Saint Kitts and Nevis;Saint Pierre and Miquelon;Saint Vincent and the Grenadines;Sudan;Suriname;Swaziland;Sweden;Switzerland;Syria;Taiwan;Tajikistan;Thailand;Timor-Leste;Togo;Tonga;Trinidad and Tobago;Tunisia;Turkey;Turkmenistan;Turks and Caicos Islands;Uganda;Ukraine;United Arab Emirates;United Kingdom;Tanzania;United States of America;Uruguay;Uzbekistan;Vanuatu;Venezuela;Viet Nam;Wallis and Futuna Islands;Yemen;Zambia;Zimbabwe;KP Annex B;Non KP Annex B;OECD;Non-OECD;EU28;Africa;Asia;Central America;Europe;Middle East;North America;Oceania;South America;Statistical Difference;World
1960;0;0;0;;0;;0;0;0;;0;0;0;0;0;0;0;0;0;0;0;0;;0;;0.54594;;0;0;0;0;0;3.206;0;0;0;0;1.5352;0;0.3664;0;0;;0;0;0;0;0;0;0;0;0;0;0;0;0;0;0;0;;0;0;0;0;;0;0;0;0;0;0;0;0;0;0;0;0;0;0;0;0;0;0;0;0;0;0;0;0;0;0;0;0;12.6811;0;0;0;0;0;0;0;;0;0;0;0;0;;0;0;;0;0;0;0;0;0;0;;0;0;;0;0;0;8.6873;0;0;;0;0;0;;;0;;0;0;0;0;0;0;;0;;;0;;0;0;0;0;0;0;0;0;0;0;0;0;0;0;0;0;;0;0;0;0;0;0;;0;0;0;0;0;0;0;0;0;;0;0;0;0;0;0;0;0;0;0;0;;0;0;0;0;0;0;;0;0;0;0;0;30.3159;0;0;;31.8035;0;;0;0;0;33.5219;55.6195;43.7445;45.397;0;0;0;0;0;12.6811;42.2093;0;34.2511;53.7545;142.896
1961;0;0;0;;0;;0;0;0;;0;0;0;0;0;0;0;0;0;0;0;0;;0;;0.5496;;0;0;0;0;0;3.9938;0;0;0;0;2.2607;0;0.30778;0;0;;0;0;0;0;0;0;0;0;0;0;0;0;0;0;0;0;;0;0;0;0;;0;0;0;0;0;0;0;0;0;0;0;0;0;0;0;0;0;0;0;0;0;0;0;0;0;0;0;0;14.3885;0;0;0;0;0;0;0;0;0;0;0;0;0;;0;0;;0;0;0;0;0;0;0;;0;0;;0;0;0;7.1558;0;0;;0;0;0;;;0;;0;0;0;0;0;0;;0;;;0;;0;0;0;0;0;0;0;0;0;0;0;0;0;0;0;0;;0;0;0;0;0;0;;0;0;0;0;0;0;0;0;0;;0;0;0;0;0;0;0;0;0;0;0;;0;0;0;0;0;0;;0;0;0;0;0;28.1981;0;0;;29.3633;0;;0;0;0;32.1919;54.0257;41.6084;44.6092;0;0;0;0;0;14.3885;39.3477;0;32.4814;67.6704;153.888
1962;0;0;0;;0;;0;0;0;;0;0;0;0;0;0;0;0;0;0;0;0;;0;;0.52029;0;0;0;0;0;0;4.6093;0;0;0;0;2.9935;0;0.27114;0;0;;0;0;0;0;0;0;0;0;0;0;0;0;0;0;0;0;;0;0;0;0;;0;0;0;0;0;0;0;0;0;0;0;0;0;0;0;0;0;0;0;0;0;0;0.31877;0;0.043968;0;0;0;15.7735;0;0;0;0;0;0;0;0;0;0;0;0;0;;0;0;;0;0;0;0;0;0;0;;0;0;;0;0;0;4.2942;0;0;0;0;0;0;;;0;;0;0;0;0;0;0;;0;;;0;;0;0;0;0;0;0;0;0;0;0;0;0;0;0;0;0;;0;0;0;0;0;0;;0;0;0;0;0;0;0;0;0;;0;0;0;0;;0;0;0;0;0;0;;0;0;0;0;0;0;;0;0;0;0;0;22.922;0;0;0;34.1815;0;;0;0;0;27.8501;58.0781;35.1378;50.7904;0.31877;0;0.043968;0;0.31877;15.7735;31.8255;0;37.9664;75.2879;161.216
1963;0;0;0;;0;;0;0;0;;0;0;0;0;0;0;0;0;0;0;0;0;;0;;0.49464;0;0;0;0;0;0;4.5324;0;0;0;0;2.9605;0;0.34075;0;0;;0;0;0;0;0;0;0;0;0;0;0;0;0;0;0;0;;0;0;0;0;;0;0;0;0;0;0;0;0;0;0;0;0;0;0;0;0;0;0;0;0;0;0;0.45067;0;0.13557;0;0;0;17.8583;0;0;0;0;0;0;0;0;0;0;0;0;0;;0;0;;0;0;0;0;0;0;0;;0;0;;0;0;0;5.921;0;0;0;0;0;0;;;0;;0;0;0;0;0;1.1468;;0;;;0;;0;0;0;0;0;0;0;0;5.7708;0;0;0;0;0;0;0;;0;0;0;0;0;0;0;0;0;0;0;0;0;0;0;0;;0;0;0;0;;0;0;0;0;0;0;;0;0;0;0;0;0;;0;0;0;0;0;20.6503;0;0;0;30.2463;0;;0;0;0;25.6333;64.8748;34.5149;55.9932;0.45067;1.1468;0.13557;0;0.45067;23.6291;31.1037;0;34.0422;81.6999;172.208
1964;0;0;0;;0;;0;0;0;;0;0;0;0;0;0;0;0;0;0;0;0;;0;;0.55693;0;0;0;0;0;0;4.2319;0;0;0;0;2.5648;0;0.67051;0;0;;0;0;0;0;0;0;0;0;0;0;0;0;0;0;0;0;;0;0;0;0;;0;0;0;0;0;0;0;0;0;0;0;0;0;0;0;0;0;0;0;0;0;0;0.53128;0;0.47632;0;0;0;20.5477;0;0;0;0;0;0;0;0;17.7594;0;0;0;0;;0;0;;0;0;0;0;0;0;0;;0;0;;0;0;0;7.8776;0;0;0;0;0;0;;0;0;;0;0;0;0;0;1.876;;0;;0;0;;0;0;0;0;0;0.15755;0;0;5.9613;0;0;0;0;0;0;0;;0;0;0;0;0;0;0;0;0;0;0;0;0;0;0;0;;0;0;0;0;0;0;0;0;0;0;0;;0;0;0;0;0;0;;0;0;0;0;0;18.4116;0;0;0;31.166;0;;0;0;0;23.1748;89.6141;33.6172;79.1717;0.53128;1.876;0.47632;0;0.53128;44.2684;30.5211;0;35.1158;74.0751;186.864
1965;0;0;0;;0;;0;0;0;;0;0;0;0;0;0;0;0;0;0;0;0;;0;;0.64853;0;0;0;0;0;0;4.2099;0;0;0;0;2.5062;0;1.7514;0;0;;0;0;0;0;0;0;0;0;0;0;0;0;0;0;0;0;;0;0;0;0;;0;0;0;0;0;0;0;0;0;0;0;0;0;0;0;0;0;0;0;0;0;0;0.4067;0;0.75112;0;9.651;0;25.5674;0;0;0;0;0;0;0;0;18.789;0;0;0;0;;0;0;;0;0;0;0;0;0;0;;0;0;;0;0;0;5.91;0;0;0;0;0;0;;0;0;;0;0;0;0;0;4.9464;;0;;0;0;;0;0;0;0;0;0.065952;0;0;5.9613;0;0;0;0;0;0;0;;0;0;0;0;0;0;0;0;0;0;0;0;0;0;0;0;;0;0;0;0;0;0;0;0;0;0;0;;0;0;0;0;0;0;;0;0;0;0;0;17.1878;0;0;0;32.082;0;;0;0;0;21.8045;108.6303;30.2207;100.2141;0.4067;4.9464;0.75112;0;0.4067;59.9687;27.3078;0;37.054;71.0853;201.52
1966;0;0;0;;0;;0;2.345;0;;0;0;0;0;0;0;0;0;0;0;0;0;;0;;0.7731;0;0;0;0;0;0;4.2429;0;0;0;0;2.2204;0;1.7111;0;0;;0;0;0;0;0;0;0;0;0;0;0;0;0;0;0;0;;0;0;0;0;;0;0;0;0;0;0;0;0;0;0;0;0;0;0;0;0;0;0;0;0;0;0;0.21984;0;0.83173;0;10.8674;0;33.6648;0;0;0;0;0;0;0;0;19.0418;0;0;0;0;;0;0;;0;0;0;0;0;0;0;;0;0;;0;0;0;6.6612;0;0;0;0;0;0;;0;0;;0;0;0;0;0;5.1919;;0;;0;0;;0;0;0;0;0;0.076944;0;0;5.9613;0;0;0;0;0;0;0;;0;0;0;0;0;0;0;0;0;0;0;0;0;0;0;0;;0;0;0;0;0;0;0;0;0;0;0;;0;0;0;0;0;0;;0;0;0;0;0;20.2326;0;0;0;30.5211;0;;0;0;0;24.6954;119.8678;33.5769;110.9862;0.21984;5.1919;0.83173;0;0.21984;69.5354;31.1367;0;37.6476;75.2769;219.84
1967;0;0;0;;0;;0;2.7956;0;;0;0;0;0;0;0;0;0;0;0;0;0;;0;;0.84272;0;0;0;0;0;0;4.1843;0;0;0;0;2.4659;0;1.2531;0;0;;0;0;0;0;0;0;0;0;0;0;0;0;0;0;0;0;;0;0;0;0;;0;0;0;0;0;0;0;0;0;0;0;0;0;0;0;0;0;0;0;0;0;0;0.26381;0;1.4546;0;10.0064;0;35.9732;0;0;0;0;0;0;0;0;18.1991;0;0;0;0;;0;16.041;;0;0;0;0;0;0;0;;0;0;;0;0;0;5.8038;0;0;0;0;0;0;;0;0;;0;0;0;0;0;4.7192;;0;;0;0;;0;0;0;0;0;0.15389;0;0;6.2508;0;0;0;0;0;0;0;;0;0;0;18.6827;0;0;0;0;0;0;0;0;0;0;0;0;;0;0;0;0;0;0;0;0;0;0;0;;0;0;0;0;0;0;;0;0;0;0;0;26.3845;0;0;0;35.3063;0;;0;0;0;30.8326;159.9483;39.1022;151.6786;0.26381;20.7602;1.4546;0;0.26381;89.1121;36.3725;0;42.8175;51.0432;241.824
1968;0;0;0;;0;;0;2.8762;0;;0;0;0;0;0;0;0;0;0;0;0;0;;0;;0.98928;0;0;0;0;0;0;4.2942;0;0;0;0;2.9385;0;0.98562;0;0;;0;0;0;0;0;0;0;0;0;0;0;0;0;0;0;0;;0;0;0;;;0;0;0;0;0;0;0;0;0;0;0;0;0;0;0;0;0;0;0;0;0;0;0.21984;0;1.3703;0;8.7313;0;41.0441;0;0;0;0;0;0;0;0;16.7372;0;0;0;0;;0;27.1429;;0;0;0;0;0;0;0;;0;0;;0;0;0;5.8074;0;0;0;0;0;0;;0;0;;0;0;0;0;0;2.5282;;0;;0;0;;0;0;0;0;0;0.27846;0;0;5.8477;0;0;0;0;0;0;0;0;0;0;0;20.2509;0;0;0;0;0;0;0;0;0;0;0;0;;0;0;0;0;0;0;0;0;0;0;0;;0;0;0;0;0;0;;0;0;0;0.24549;0;27.8171;0;0;0;33.6941;0;;0;0;0;32.5766;171.2224;41.3226;162.4764;0.46533;29.6711;1.3703;0;0.46533;92.6113;37.9187;0;41.7623;63.673;267.472
1969;0;0;0;;0;;0;2.8323;0;;0;0;0;0;0;0;0;0;0;0;0;0;;0;;1.2751;0;0;0;0;0;0;4.4737;0;0;0;0;3.6164;0;1.352;0;0;0;0;0;0;0;0;0;0;0;0;0;0;0;0.35907;1.3887;0;0;;0;0;0;;;0;0;0;0;0;0;0;0;0;0;0;0;0;0;0;0;0;0;0;0;0;0;0.26381;0;1.2604;0;10.3838;0;42.8651;0;0;0;0;0;0;0;0;18.0892;0;0;0;0;;0;29.0445;;0;0;0;0;0;0;0;;0;0;;0;0;0;6.1189;0;0;0;0;0;0;;0;0;;0.080608;0;0;0;0;7.8923;;0;;0;0;;0;0;0;0;0;0.57158;0;0;5.2065;0;0;0;0;0;0;0;;0;0;0;23.5925;0;0;0;0;0;0;0;0;0;0;0;0;;0;0;0;0;0;0;0;0;0;0;0;;0;0;0;0;0;0;;0;0;19.236;1.4803;0;28.3154;0;0;0;34.339;0;;0;0;0;34.6138;209.4232;44.3491;199.688;1.8247;38.3254;1.2604;0;1.8247;119.3731;38.908;0;44.3454;49.0829;293.12
1970;0.29678;0;6.6575;;1.4839;;0;2.8103;0;;0;0;0;0;0;0;0;0;0;0;0;0;0;0;;1.887;0;7.6248;0;0;0;0;4.8035;0;0;0;0;2.0921;0;1.1029;0;0.11725;0;0;0;0;0;0;0;0;0;0;0;0;0;0.61189;1.854;0;0;;0;0;0;0;;0;0;0;0;0;0.062288;0;0;0;0;0;0;0;0;0;0;0;0;0;0;0;0;0.24549;0;1.4216;3.5724;10.2848;0;35.9768;0;0;0;0.040304;0;0;0;0;20.8262;0;0;0;0;;0;29.4109;;0;0;0;0;0;0;0.21251;;0;0;;0;0;0;9.6143;0;0;0;0;0;0.3151;;0;0;;0.0916;0;0.01832;0;0;15.3522;0;0;;0;1.0406;;0;0;0;1.6122;0;0.5496;0;0;5.2102;0;0;0;0;0;0;0;;0;0;0;28.5316;0;0;0;0;0;0;0;0;0;0;0;0;;0;0;0;0;0;0;0;0.3261;0;0;0;;0;0;1.9199;0;0;0;;0;0;14.2566;2.9568;0;26.2489;0;0;0;36.3139;0;;0;0;0;34.405;243.3482;46.1114;231.6417;3.2939;54.938;14.5241;1.9199;3.2939;115.4123;40.6667;0.01832;46.9798;41.0148;318.768
1971;0.30411;0;8.9805;;1.3887;;0;2.8433;0;;0;0;2.6549;0;0;0;0;0;0;0;0;0;0;0;;1.3813;0;6.8883;0;0;0;0;4.547;0;0;0;0;3.4625;0.79142;1.2604;0;0.1429;0;0;0;0;0;0;0;0;0;0;0;0;0;0.34075;1.5022;0;0;;0;0;0;0;;0;0;5.3238;0;0;0.39205;0;0;0;0;0;0;0;0;0;0;0;0;0;0;0;0;0.28213;0;1.418;3.8728;13.6301;0;41.4069;0;0;0;0.040304;0;0;0;0;22.7241;0;0;0;0;;0;18.9539;;0;0;0;0;0;0;0.81707;0;0;0;;0;0;0;10.12;0;0;0;0;0;0.34075;;0;0;;0.095264;0;0.025648;0;0;24.6148;0;0.20518;;1.8247;1.0406;;0;0;0;1.2787;0;1.0589;0;0;6.7491;0;0;0;0;0;19.0946;0;;0;0;0;38.2705;0;0;0;0;0;0;0;0;0;0;0;0;;0;0;0;0;0;0;0;0.38106;0;0;0;;0;0;1.7844;0;0;0;;0;0;19.4668;3.4515;0;15.2606;0;0;0;30.4002;0;;0;0;0;48.326;272.4865;42.8138;277.9987;9.1527;55.9749;18.1682;1.7844;28.4525;144.4532;29.9276;0.025648;42.0261;1.6195;322.432
1972;0.3664;0;16.8214;;1.6012;;0;2.7443;0;;0;0;2.539;0;0;0;0;0;0;0;0;0;0;0;0;1.2238;0;8.4968;0;0;0;0;4.3565;0;0;0;0;4.2796;1.0223;1.1248;0;0.1319;0;0;0;0;0;0;0;0;0;0.043968;0;0;0;0.3151;1.2091;0;0;;0;0;0;0;;0;0;5.1919;0;0;0.44701;0;0;0;0;0;0;0;0;0;0;0;0;0;0;0;0;0.17954;0;1.2128;5.9247;12.4759;0;46.4229;0;0;0;0.076944;0;0;0;0;21.8008;0;0;0;0;;0;11.9923;;0;0;0;0;0;0;1.1432;0;0;0;;0;0;0;8.4638;0;0;0;0;0;0.4177;;0;0;;0.058624;0;0.040304;0;0;32.4117;0;1.0589;;1.8247;0.41037;;0;0;0;1.3117;0;1.3484;0;0;8.2257;0;0;0;0;0;18.2615;0;;0;0;0;52.0508;0;0;0;0;0;0;0;0;0;0;0;0;;0;0;0;0;0;0;0;0.36274;0;0;0;;0;0;1.5242;0.040304;0;0;;0;0;21.3208;3.9425;0;13.3076;0;0;0;26.7619;0;;0;0;0;46.5183;299.77;41.0002;305.2881;9.4165;64.6549;21.6102;1.5242;28.7369;164.4843;26.128;0.040304;39.1095;1.7917;348.08
1973;0.2235;0;24.4352;;1.8357;;0;3.1291;0;;0;0;3.0203;0;0;0;0;0;0;0;0;0;0;0;0;0.92699;0;8.8669;0;0;0;0;4.2209;0;0;0;0;4.5873;1.2641;1.0442;0;0.82806;0;0;0;0;0;0;0;0;0;0.069616;0;0;0;0.67051;1.4803;0;0;;0;0;0;0;;0;0;5.071;0;0;2.0885;0;0;0;0;0;0;0;0;0;0;0;0;0;0;0;0;0.28579;0;1.4473;6.5183;14.4618;0;54.7585;0;0;0;0.080608;0;0;0;0;17.2098;0;0;0;0;;0;10.3361;;0;0;0;0;0;0;1.1432;0;0;0;;0;0;0;7.1961;0;0;0;0;0;0.458;;0;0;;0.032976;0;0.047632;0;0;38.9666;0;1.0442;;1.8247;0.4983;;0;0;0;1.4363;0;1.0736;0;0;8.9108;0;0;0;0;0;21.7227;0;;0;0;0;73.0821;0;0;0;0;0;0;0;0;0;0;0;0;;0;0;0;0;0;0;0;0.36274;0;0;0;;0;0;2.3083;0.032976;0;0;;0;0;27.7951;4.9281;0;13.1867;0;0;0;26.7728;0;;0;0;0;50.6903;350.994;40.751;360.9333;10.3874;80.0034;23.5204;2.3083;33.1544;198.4056;24.6038;0.047632;39.6408;1.3557;403.04
1974;0.3664;0;18.6534;;1.9126;;0;3.0631;0;;0;0;3.3159;0;0;0;0;0;0;0;0;0;0;0;0;0.83906;0;6.5219;0;0;0;0;3.5358;0;0;0;0;3.6567;1.6341;1.1285;0;1.2201;0;0;0;0;0;0;0;0;0;0.05496;0;0;0;0.64853;2.5831;0;0;;0;0;0;0;;0;0;4.8072;0;0;2.1801;0;0;0;0;0;0;0;0;0;0;0;0;0;0;0;0;0.46166;0;1.7257;7.7347;15.561;0;54.1722;0;0;0;0.062288;0;0;0;0;11.7358;0;0;0;0;;0;4.3675;;0;0;0;0;0;0;2.3853;0;0;0;;0;0;0;10.043;0;0;0;0;0;0.39571;;0;0;;0.03664;0;0.05496;0;0;50.435;0;1.0919;;1.8796;0.61555;;0;0;0;1.6891;0;0.75845;0;0;7.4086;0;0;0;0;0;23.849;0;;0;0;0;75.1853;0;0;0;0;0;0;0;0;0;0;0;0;;0;0;0;0;0;0;0;0.34808;0;0;0;;0;0;3.4661;0.014656;0;0;;0;0;27.7951;5.4227;0;8.8999;0;0;0;17.1988;0;;0;0;0;48.2769;342.6389;38.1276;352.7882;10.7832;81.3664;24.7576;3.4661;35.724;194.0857;22.4786;0.05496;28.9822;1.1322;392.048
1975;0.30411;0;14.9931;;1.7807;;0;3.9022;0;;0;0;3.6844;0;0;0;0;0;0;0;0;0;0;0;0;0.80608;0;5.2578;0;0;0;0;2.6674;0;0;0;0;3.7886;1.9053;1.4363;0;0.72914;0;0;0;0;0;0;0;0;0;0.13923;0;0;0;0.59357;2.5208;0;0;;0;0;0;0;;0;0;4.3638;0;0;2.7883;0;0;0;0;0;0;0;0;0;0;0;0;0;0;0;0;0.23083;0;2.0115;6.9763;16.913;0;45.7267;0;0;0;0.10992;0;0;0;0;8.5408;0;0;0;0;;0;5.7964;;0;0;0;0;0;0;2.8762;0;0;0;;0;0;0;10.4571;0;0;0;0;0;0.30045;;0;0;;0.043968;0;0.065952;0;0;35.6874;0;0.87203;;6.5292;0.61555;;0;0;0;1.1871;0;0.80608;0;0;6.2105;0;0;0;0;0;26.4996;0;;0;0;0;56.1068;0;0;0;0;0;0;0;0;0;0;0;0;;0;0;0;0;0;0;0;0.40304;0;0;0;;0;0;3.8545;0.014656;0;0;;0;0;27.022;5.9137;0;7.1118;0;0;0;5.5729;0;;0;0;0;48.0183;288.0988;35.7643;300.3527;10.6916;64.3105;24.0416;3.8545;38.0632;167.4521;20.2363;0.065952;18.0928;0.97096;337.088
1976;0.29312;0;20.7602;;1.0882;;0;5.2835;0;;0;0;4.0937;0;0;0;0;0;0;0;0;0;0;0;0;0.84272;0;4.6569;0;0;0;0;2.4329;0;0;0;0;4.6056;1.9053;1.5242;0;0.68883;0;0;0;0;0;0;0;0;0;0.15755;0;0;0;0.63387;2.9056;0;0;;0;0;0;0;;0;0;4.7339;0;0;3.0448;0;0;0;0;0;0;0;0;0;0;0;0;0;0;0;0;0.2748;0;1.8173;8.9585;21.4674;0;54.1319;0;0;0;0.0916;0;0;0;0;7.4856;0;0;0;0;;0;7.9985;;0;0;0;0;0;0;3.4222;0;0;0;;0;0;0;11.4463;0;0;0;0;0;0.23816;;0;0;;0.043968;0;0.12824;0;0;41.2969;0;0.88302;;7.1888;0.72181;;0;0;0;1.3703;0;1.0076;0;0;6.2581;0;0;0;0;0;29.4429;0;;0;0;0;71.9646;0;0;0;0;0;0;0;0;0;0;0;0;;0;0;0;0;0;0;0;0.69616;0;0;0;;0;0;3.8728;0.014656;0;0;;0;0;33.5;5.9137;0;7.339;0;0;0;6.379;0;;0;0;0;51.4416;343.5633;38.0506;356.9542;11.1239;77.7977;26.1986;3.8728;41.4499;202.6925;21.2182;0.12824;21.6469;0.70715;395.712
1977;0.38106;0;22.8927;;2.1728;;0;5.4081;0;;0;0;4.4219;0;0;0;0;0;0;0;0;0;0;0;0;0.82074;0;4.155;0;0;0;0;2.3266;0;0;0;0;3.0888;2.1801;1.5609;0;0.17954;0;0;0;0;0;0;0;0;0;0.3664;0;0;0;0.70349;2.0042;0;0;;0;0;0;0;;0;0;4.7192;0;0;2.8836;0;0;0;0;0;0;0;0;0;0;0;0;0;0;0;0;0.28213;0;2.0921;17.5506;17.1182;0;51.1861;0;0;0;0.10259;0;0;0;0;5.7964;0;0;0;0;;0;8.1707;;0;0;0;0;0;0;3.1327;0;0;0;;0;0;0;7.1118;0;0;0;0;0;0.42136;;0;0;;0.040304;0;0.17221;0;0;33.2105;0;1.1468;;7.1265;0.72181;;0;0;0;1.4619;0;0.69616;0;0;5.1589;0;0;0;0;0;31.804;0;;0;0;0;71.9426;0;0;0;0;0;0;0;0;0;0;0;0;;0;0;0;0;0;0;0;0.86104;0;0;0;;0;0;3.8289;0.040304;0;0;;0;0;29.9972;6.3717;0;7.262;0;0;0;5.921;0;;0;0;0;54.5941;326.3996;32.9907;348.0031;11.7798;71.5543;35.1592;3.8289;44.7306;189.187;16.7005;0.17221;19.661;0.062288;381.056
1978;0.28213;0;23.5412;;2.3963;;0;6.2508;0;;0;0;4.7538;0;0;0;0;0;0;0;0;0;0;0;0;1.0186;0;5.3897;0;0;0;0;2.5318;0;0;0;0;2.9678;2.737;1.5755;0;0.080608;0;0;0;0;0;0;0;0;0;0.33342;0;0;0;0.72181;1.5902;0;0;;0;0;0;0;;0;0;4.6716;0;0;3.0484;0;0;0;0;0;0;0;0;0;0;0;0;0;0;0;0;0.28946;0;1.9822;20.9727;17.8876;0;49.9147;0;0;0;0.10259;0;0;0;0;7.4709;0;0;0;0;;0;8.189;;0;0;0;0;0;0;2.7297;0;0;0;;0;0;0;10.589;0;0;0;0;0;0.39938;;0;0;;0.032976;0;0.087936;0;0;32.8331;0;0.37373;;5.7671;0.94165;;0;0;0;1.2311;0;0.94531;0;0;6.0859;0;0;0;0;0;34.1908;0;;0;0;0;62.6214;0;0;0;0;0;0;0;0;0;0;0;0;;0;0;0;0;0;0;0;1.0076;0;0;0;;0;0;3.2316;0.025648;0;0;;0;0;34.4453;8.5957;0;8.1231;0;0;0;4.7998;0;;0;0;0;59.3332;330.4248;38.6992;351.0588;13.9232;71.7045;40.2909;3.2316;48.4878;185.2005;21.2439;0.087936;19.5108;-1.374;388.384
1979;0.26747;0;19.2836;;2.3963;;0;6.5989;0;;0;0;2.5797;0;0;0;0;0;0;0;0;0;0;0;0;1.1542;0;3.3232;0;0;0;0;2.9495;0;0;0;0;3.0814;3.0631;1.429;0;0.069616;0;0;0;0;0;0;0;0;0;0.34075;0;0;0;0.89768;0.98562;0;0;;0;0;0;0;;0;0;3.7373;0;0;3.2683;0;0;0;0;0;0;0;0;0;0;0;0;0;0;0;0;0.28213;0;2.2167;21.2329;23.4276;0;30.3636;0;0;0;0.098928;0;0;0;0;6.2105;0;0;0;0;;0;9.0134;;0;0;0;0;0;0;3.5797;0;0;0;;0;0;0;8.4712;0;0;0;0;0;0.43968;;0;0;;0.021984;0;0.17221;0;0;52.67;0;0.57891;;5.071;1.0955;;0;0;0;1.0589;0;0.5496;0;0;4.4518;0;0;0;0;0;18.5542;0;;0;0;0;65.1313;0;0;0;0;0;0;0;0;0;0;0;0;;0;0;0;0;0;0;0;0.74379;0;0;0;;0;0;3.184;0.032976;0;0;;0;0;19.5035;12.4906;0;8.8669;0;0;0;5.0893;0;;0;0;0;48.0934;311.9349;41.0918;318.9365;16.8727;87.7198;37.897;3.184;36.0059;154.9029;20.2876;0.17221;19.8589;-0.9563;359.072
1980;0.30411;0;18.6864;;2.4146;;0;6.1555;0;;0;0;2.5882;0;0;0;0;0;0;0;0;0;0;0.0074496;0;1.308;0;3.2976;0;0;0;0;3.1327;0;0;0;0;2.4659;3.0118;1.0369;0;0.10992;0;0;0;0.030208;0;0;0;0;0;0.15755;0;0;0;0.80608;0.095264;0;0;;0;0;0;0;;0;0;2.803;0;0;3.1217;0;0;0;0;0;0;0;0;0;0;0;0;0;0;0;0;0.39938;0;1.1652;12.7984;18.4849;0;18.2174;0;0;0;0.076944;0;0;0;0;3.5577;0;0;0;0;;0;8.7716;;0;0;0;0.01941;0;0;3.4295;0;0;0;;0;0;0;9.8855;0;0.0034671;0;0;0;0.49098;;0;0;;0.029312;0;0.38106;0;0;43.0044;0;0.98928;;2.7517;1.4326;;0;0;0;0.7731;0;0.37373;0;0;2.7407;0;0;0;0;0;18.6153;0;;0;0;0;73.8003;0;0.078207;0;0;0;0;0.022474;0;0;0;0;0;;0;0;0;0;0;0;0;0.68517;0;0;0;;0;0;3.8802;0.043968;0;0;;0;0;18.2321;8.0278;0;6.6905;0;0;0;4.8878;0;;0;0;0;41.3555;274.9173;35.0613;281.2115;11.4697;76.2478;28.5953;3.8802;31.1829;138.4699;19.7087;0.38106;17.807;-1.1688;315.104
1981;0.29312;0;12.9449;;2.2167;;0;5.1443;0;;0;0;2.5757;0;0;0;0;0;0;0;0;0;0;0.0076189;0;1.7477;0;0.8757;0;0;0;0;2.9715;0;0;0;0;1.2787;2.6894;1.1468;0;0.12824;0;0;0;0.030894;0;0;0;0;0;0.2235;0;0;0;0.76578;0.040304;0;0;;0;0;0;0;;0;0;1.8686;0;0;3.1144;0;0;0;0;0;0;0;0;0;0;0;0;0;0;0;0;0.36274;0;3.1767;12.1168;6.4999;0;14.8026;0;0;0;0.07328;0;0;0;0;1.887;0;0;0;0;;0;4.4591;;0;0;0;0.019851;0;0;2.7224;0;0;0;;0;0;0;11.8677;0;0.0035459;0;0;0;0.058624;;0;0;;0.047632;0;0.076944;0;0;29.5758;0;0.50563;;3.0814;1.44;;0;0;0;0.57525;0;0.35907;0;0;0.95264;0;0;0;0;0;18.5253;0;0;0;0;0;49.2075;0;0.079985;0;0;0;0;0.022985;0;0;0;0;0;0;0;0;0;0;0;0;0;0.83539;0;0;0;;0;0;3.9425;0.058624;0;0;;0;0;11.7248;7.9765;0;5.2322;0;0;0;4.1989;0;;0;0;0;37.9177;198.6154;32.508;204.0252;10.5329;52.5381;26.0216;3.9425;29.6748;88.9912;20.0714;0.076944;15.2166;1.6268;238.16
1982;0.28213;0;9.2589;;2.1947;;0;5.5949;0;;0;0;2.565;0;0;0;0;0;0;0;0;0;0;0.0074496;0;2.1288;0;1.4839;0;0;0;0;2.8616;0;0;0;0;0.94165;2.5245;1.1285;0;0.15389;0;0;0;0.030208;0;0;0;0;0;0.22717;0;0;0;0.71814;0.047632;0;0;;0;0;0;0;;0;0;0.93432;0;0;3.0045;0;0;0;0;0;0;0;0;0;0;0;0;0;0;0;0;0;0;3.8142;10.12;6.7711;0;27.4104;0;0;0;0.0916;0;0;0;0;1.1945;0;0;0;0;;0;5.5766;;0;0;0;0.01941;0;0;3.14;0;0;0;;0;0;0;17.2171;0;0.0034671;0;0;0;0.084272;;0;0;;0.047632;0;0.10259;0;0;24.6477;0;0.64853;;2.4842;1.2164;;0;0;0;0.39938;0;0.30411;0;0;0.92699;0;0;0;0;0;18.4481;0;0;0;0;0;41.1101;0;0.078207;0;0;0;0;0.022474;0;0;0;0;0;0;0;0;0;0;0;0;0;0.83539;0;0;0;;0;0;5.9137;0.065952;0;0;;0;0;9.8672;7.5075;0;4.9904;0;0;0;3.9132;0;;0;0;0;35.9121;199.1482;35.5926;199.4677;8.7693;44.95;25.3221;5.9137;27.9745;90.5997;25.0691;0.10259;15.1287;-0.56426;234.496
1983;0.29312;0;8.4052;;2.268;;0;5.1956;0;;0.43968;0;2.5265;0;0;0;0;0;0;0;0;0;0;0.006603;0;3.0521;0;1.4216;0;0;0;0;3.0668;0;0;0;0;0.75112;2.6711;1.2164;0;0.16122;0;0;0;0.026775;0;0;0;0;0;0.20885;0;0;0;0.71082;0;0;0;;0;0;0;0;;0;0;0;0;0;2.6124;0;0;0;0;0;0;0;0;0;0;0;0;0;0;0;0;0;0;4.3162;8.2184;6.4633;0;24.7173;0;0;0;0.0916;0;0;0;0;1.4986;0;0;0;0;;0;3.7116;;0;0;0;0.017204;0;0;4.0634;0;0;0;;0;0;0;11.4756;0;0.0030731;0;0;0;0.095264;;0;0;;0.047632;0;0.098928;0;0;24.0725;0;0.6815;;2.6857;1.6122;;0;0;0;0.46533;0;0.34808;0;0;0.16854;0;0;0;0;0;18.1714;0;0;0;0;0;31.3932;0;0.06932;0;0;0;0;0.01992;0;0;0;0;0;0;0;0;0;0;0;0;0;0.78776;0;0;0;;0;0;6.4083;0.047632;0;0;;0;0;9.5227;7.1595;0;5.0893;0;0;0;3.7959;0;;0;0;0;35.1018;177.2489;29.1304;183.2204;7.4626;41.2786;25.3093;6.4083;26.4118;77.2371;19.6317;0.53861;15.5354;0.16122;212.512
1984;0.3151;0;10.981;;2.3156;;0;7.1485;0;;0.2748;0;2.4934;0;0;0;0;0;0;0;0;0;0;0.0064337;0;3.6017;0;0.16122;0;0;0;0;4.3052;0;0;0;0;0.76211;3.2133;1.1542;0;0.16488;0;0;0;0.026089;0;0;0;0;0;0.26381;0;0;0;0.81341;0;0;0;;0;0;0;0;;0;0;0;0;0;3.4222;0;0;0;0;0;0;0;0;0;0;0;0;0;0;0;0;0;0;5.1992;7.2144;7.9032;0;12.4979;0;0;0;0.095264;0;0;0;0;1.5609;0;0;0;0;;0;2.4146;;0;0;0;0.016763;0;0;4.5067;0;0;0;;0;0;0;7.2914;0;0.0029943;0;0;0;0.084272;;0;0;;0.076944;0;0.062288;0;0;26.2049;0;0.56059;;1.854;1.5645;;0;0;0;0.35541;0;0.34442;0;0;1.7331;0;0;0;0;0;17.9334;0;0;0;0;0;8.1158;0;0.067543;0;0;0;0;0.01941;0;0;0;0;0;0;0;0;0;0;0;0;0;0.7328;0;0;0;;0;0;6.6648;0.058624;0;0;;0;0;13.4652;6.456;0;5.7891;0;0;0;3.8399;0;;0;0;0;35.8629;150.2463;25.9569;160.1524;6.8422;45.5618;24.8475;6.6648;25.4299;47.8628;17.3857;0.33709;18.0196;0.75478;186.864
1985;0.32976;0;16.4074;;2.3413;;0;6.1885;0;;0.35174;0;2.6593;0;0;0;0;0;0;0;0;0;0;0.0074496;0;3.4478;0;0.13557;0;0;0;0;5.0087;0;0;0;0;0.62288;0;1.1065;0;0.16488;0;0;0;0.030208;0;0;0;0;0;0.30045;0;0;0;1.0479;0;0;0;;0;0;0;0;;0;0;0;0;0;3.9388;0;0;0;0;0;0;0;0;0;0;0;0;0;0;0;0;0;0;5.954;6.8517;10.3801;0;10.3801;0;0;0;0.098928;0;0;0;0;1.9163;0;0;0;0;;0;1.5389;;0;0;0;0.01941;0;0;2.1251;0;0;0;;0;0;0;6.2618;0;0.0034671;0;0;0;0.07328;;0;0;;0.0916;0;0;0;0;26.9304;0;0.61189;;0.97462;1.4143;;0;0;0;0.33342;0;0.38472;0;0;1.3374;0;0;0;0;0;19.1268;0;0;0;0;0;5.9613;0;0.078207;0;0;0;0;0.022474;0;0;0;0;0;0;0;0;0;0;0;0;0;0.68883;0;0;0;;0;0;7.7384;0.080608;0;0;;0;0;11.6772;5.0343;0;5.1003;0;0;0;3.5358;0;;0;0;0;35.7774;145.0373;23.5051;157.3097;5.4791;51.4023;19.642;7.7384;25.3263;43.3158;16.3708;0.35174;16.6675;-1.2787;179.536
1986;0.32976;0;14.4252;;2.3669;;0;4.8035;0;0;0.31877;0;2.327;0;0;0;0;0;0;0;0;0;0;0.0074496;0;2.6308;0;0.032976;0;0;0;0;4.7412;0;0;0;0;0.4067;0;1.0003;0;0.16854;0;0;0;0.030208;0;0;0;0;0;0.35541;0;0;0;1.2787;0;0;0;;0;0;0;0;;0;0;0;0;0;2.6344;0;0;0;0;0;0;0;0;0;0;0;0;0;0;0;0;0;0;4.9647;6.9946;12.2671;0;10.1896;0;0;0;0;0;0;0;0;1.3447;0;0;0;0;;0;6.5402;;0;0;0;0.01941;0;0;2.6088;0;0;0;;0;0;0;4.0634;0;0.0034671;0;0;0;0.098928;;0;0;0;0.21984;0;0;0;0;26.7692;0;0.51662;;1.2897;1.3887;;0;0;0;0.37739;0;0.28946;0;0;0;0;0;0;0;0;16.7368;0;0;0;0;0;4.6166;0;0.078207;0;0;0;0;0.022474;0;0;0;0.15389;0;0;0;0;0;0;0;0;0;0.15022;0;0;0;;0;0;7.0056;0.11358;0;0;;0;0;7.0605;3.8362;0;5.2432;0;0;0;6.0712;0;;0;0;0;32.1746;136.7175;19.8777;149.0144;4.618;53.0181;18.7454;7.0056;21.9799;36.9185;14.0478;0.31877;16.8581;-0.34808;168.544
1987;0.2235;0;12.1168;;2.4146;;0;4.7779;0;0;0.25648;0;2.1343;0;0;0;0;0;0;0;0;0;0;0.008804;0;2.2534;0;0.047632;0;0;0;0;4.7082;0;0;0;0;0.35907;0;0.8757;0;0.16854;0;0;0;0.0357;0;0;0;0;0;0.26014;0;0;0;0.64486;0;0;0;;0;0;0;0;;0;0;0;0;0;2.2424;0;0;1.341;0;0;0;0;0;0;0;0;0;0;0;0;0;0;0;6.6282;7.1155;9.7865;0;9.2296;0;0;0;0;0;0;0;0;1.3447;0;0;0;0;;0;4.2319;;0;0;0;0.022939;0;0;2.0408;0;0;0;;0;0;0;4.4115;0;0.0040975;0;0;0;0.098928;;0;0;0;0.16488;0;0;0;0;23.5778;0;0.87203;;1.1835;1.8173;;0;0;0;0.49464;0;0.28579;0;0;0;0;0;0;0;0;15.3503;0;0;0;0;0;3.8472;0;0.092427;0;0;0;0;0.02656;0;0;0;0.13923;0;0;0;0;0;0;0;0;0;4.4554;0;0;0;;0;0;6.8334;0.10992;0;0;;0;0;4.7705;4.0377;0;6.6318;0;0;0;8.0718;0;;0;0;0;33.8242;128.7218;23.2087;139.3373;6.0053;44.862;20.1062;6.8334;22.3559;34.6175;15.7515;0.25648;17.7631;-1.33;161.216
1988;0.18686;0;11.0616;;2.4219;;0;5.8697;0;0;0.34808;0;4.6939;0;0;0;0;0;0;0;0;0;0;0.0089734;0;2.301;0;0.047632;0;0;0;0;5.1919;0;0;0;0;0.2748;0;0.67051;0;0.16854;0;0;0;0.036387;0;0;0;0;0;0.27114;0;0;0;1.3593;0;0;0;;0;0;0;0;;0;0;0;0;0;2.2424;0;0;1.2091;0;0;0.003664;0;0;0;0;0;0;0;0;0;0;0;0;7.4709;8.4235;8.8632;0;7.6907;0;0;0;0;0;0;0;0;1.7294;0;0;0;0;;0;4.9611;;0;0;0;0.02338;0;0;2.759;0;0;0;;0;0;0;2.5685;0;0.0041763;0;0;0;0.01832;;0;0;0;0.11725;0;0;0;0;28.352;0;0.67418;;1.4253;1.9749;;0;0;0;0.43968;0;0.53494;0;0;0;0;0;0;0;0;33.7598;0;0;0;0;0;6.346;0;0.094204;0;0;0;0;0.027071;0;0;0;0.1429;0;0;0;0;0;0;0;0;0;3.4845;0;0;0;;0;0;5.5913;0.025648;0;0;;0;0;2.8286;0;0;7.6431;0;0;0;8.1524;0.2235;;0;0;0;49.4246;135.2923;18.4716;166.2452;1.8075;49.2332;25.7985;5.5913;36.3722;32.3678;15.4035;0.34808;19.6024;-1.5169;183.2
1989;0.040304;0;11.7724;;2.4402;;0;6.2618;0;0;0.53494;0;4.5771;0;0;0;0;0;0;0;0;0;0;0.0094813;0;2.1141;0;0.047632;0;0;0;0;4.6606;0;0;0;0;0.30045;0;0.45067;0;0.16854;0;0;0;0.038446;0;0;0;0;0;0.23816;0;0;0;1.6744;0;0;0;;0;0;0;0;;0;0;0;0;0;3.3049;0;0;0.5899;0;0;0.003664;0;0;0;0;0;0;0;0;0;0;0;0;11.003;7.852;9.3835;0;2.8836;0;0;0;0;0;0;0;0;2.1141;0;0;0;0;;0;4.3272;;0;0;0;0.024703;0;0;3.4112;0;0;0;;0;0;0;2.0738;0;0.0044127;0;0;0;0.010992;;0;0;0;0.24915;0;0;0;0;0;0;0.95264;;1.341;0;;0;0;0;0.45434;0;0.81707;0;0;0;0;0;0;0;0;32.9202;0;0;0;0;0;7.8849;0;0.099537;0;0;0;0;0.028604;0;0;0;0.14656;0;0;0;0;0;0;0;0;0;2.5318;0;0;0;;0;0;4.2063;0.032976;0;0;;0;0;2.1728;0;0;7.5955;0;0;0;5.7158;0.57158;;0;0;0;47.9584;102.0788;17.374;132.6632;1.2945;22.0463;27.5138;4.2063;35.3055;28.3117;14.3299;0.53494;17.7887;0.18686;150.224
1990;0.025648;0;8.6947;;1.4986;;0;5.2542;0;0;3.6014;0;3.0279;0;0;0;0;0.0059613;0.08383;0;0;0;0;0.009312;0;2.2497;0;0.058624;0.0024273;0;0;0;4.3523;0;0;0;0;0.38472;0;0.80608;0;0.16854;0;0;0;0;0;0;0.0038386;0;0;0.3248;0;0;0;1.6708;0;0;0;;0;0;0;0;;0;0.12193;0.65182;0;0;3.3855;0;0;0.47429;0;0;0.067332;0;0;0;0;0;0;0;0;0;0;0.19682;0;9.8708;9.0794;7.9802;0;21.8191;0;0.29262;0;0.036224;0;5.8471;0;0;1.3447;0;0;0;0;;0;7.2144;;0.00094256;0;0;0.024262;0;0;3.0631;0;0;0;0;0;0;0;1.8467;0;0.0043339;0;0;0;0.007328;0;0;0;0;0.42463;0;0.11351;0;0;0;0;1.4897;;1.3703;0;;0;0;0;0.38106;0;0.7731;0;0;0;0;0;0;0;0.4155;22.2308;0;0;0;0;0;0.46166;0;0.097759;0;0;0;1.119e-06;0;0;0;0;0.17897;0;0;0;0;0;0;0;0.069806;0.025957;4.0707;0;0;0;;0;0;2.4879;0.003664;0.16038;0;;0;0.35859;2.0189;3.9177;0;9.3231;0;0;0;7.5442;0;;0;0;0;48.7587;114.7112;28.1422;135.3277;7.2272;20.9654;31.0161;2.4879;31.4739;39.2259;15.522;3.7149;19.0638;-16.9099;146.56
1991;0.025648;0;8.6544;;1.5938;;0;4.0304;0;0;3.3253;0;2.8168;0;0;0;0;0.0051091;0.082571;0;0;0;0;0.0057565;0;2.1434;0;1.2018;0.0023339;0;0;0;4.1223;0;0;0;0;0.23816;0;0.82806;0;0.16854;0;0;0;0;0;0;0.0051617;0;0;0.6427;0;0;0;1.3923;0;0;0;;0;0;0;0;;0;0.11393;0.67732;0;0;0;0;0;0.47017;0;0;0.06751;0;0;0;0;0;0;0;0;0;0;0.19292;0;7.8336;11.0616;0.095264;0;22.3138;0;0.27397;0;0.053179;0;6.0082;0;0;0.014656;0;0;0;0;;0;7.0788;;0.002592;0;0;0.014999;0;0;3.261;0;0;0;0;0;0;0;1.8686;0;0.0026791;0;0;0;0.007328;0;0;0;0;0.40239;0;0.12703;0;0;0;0;1.0055;;1.2311;0;;0;0;0;0.34442;0;0.916;0;0;0;0;0;0;0;0.35684;22.9683;0;0;0;0;0;0.8647;0;0.060433;0;0;0;8.1972e-07;0;0;0;0;0.18407;0;0;0;0;0;0;0;0.048472;0.038772;4.9867;0;0;0;;0;0;2.715;0.084272;0.19199;0;;0;0.32864;1.0003;3.8744;0;10.52;0;0;0;7.5442;0;;0;0;0;49.8863;129.4244;28.5264;150.7843;7.3973;17.5799;32.2691;2.715;31.8276;30.6985;16.5109;3.4523;17.437;-18.0947;161.216
1992;0.021984;0;13.8976;;1.6854;;0;4.089;0;0;3.3777;0;1.9053;0;0;0;0;0.0045598;0.082826;0;0;0;0;0;0;1.9602;0;1.1432;0.0022316;0;0;0;4.21;0;0;0;0;0.24182;0;0.92333;0;0.16854;0;0;0;0;0;0;0.0061805;0;0;0.66291;0;0;0;1.341;0;0;0;;0;0;0;0;;0;0.12017;0.65068;0;0;0;0;0;0.48981;0;0;0.055361;0;0;0;0;0;0;0;0;0;0;0.18727;0;3.5651;11.8091;0.11358;0;21.7348;0;0.2848;0;0.056444;0;5.8535;0;0;0.95997;0;0;0;0;;0;3.9241;;0.0049484;0;0;0;0;0;3.1767;0;0;0;0;0;0;0;1.8906;0;0;0;0;0;0.010992;0;0;0;0;0.38167;0;0.097351;0;0;0;0;1.0016;;1.1945;0;0;0;0;0;0;0;1.1212;0;0;0;0;0;0;0;0.36238;18.9244;0.003664;0;0;0;0;0.53861;0;0;0;0;0;7.2087e-07;0;0;0;0;0.19337;0;0;0;0;0;0;0;0.060065;0.035832;5.8807;0;0;0;;0;0;2.9312;0.20518;0.18465;0;;0;0.29913;1.6158;4.1656;0;10.3356;0;0;0;8.2623;0;;0;0;0;46.0483;102.3582;28.7724;119.6342;7.7103;19.8845;27.5422;2.9312;27.9758;32.2227;16.4363;3.475;17.9389;-23.8306;124.576
1993;0.021984;0;12.9412;;1.6305;;0;5.4374;0;0;3.1998;0;0;0;0;0;0;0.0035177;0.08308;0;0;0;0;0;0;2.2057;0;0.5899;0.0019454;0;0;0;4.5317;0;0;0;0;0.19786;0;1.1322;0;0.16854;0;0;0;0;0;0;0.0083463;0;0;0.57642;0;0;0;1.4876;0;0;0;;0;0;0;0;;0;0.17147;0.64333;0;0;0;0;0;0.51335;0;0;0.045174;0;0;0;0;0;0;0;0;0;0;0.18003;0;3.7006;12.6005;0.095264;0;17.6971;0;0.295;0;0.052711;0;5.2029;0;0;0.38472;0;0;0;0;;0;3.3269;;0.0057339;0;0;0;0;0;5.5913;0;0;0;0;0;0;0;2.6198;0;0;0;0;0;0.014656;0;0;0;0;0.36148;0;0.081928;0;0;0;0;1.0596;;1.1432;0;0;0;0;0;0;0;1.9199;0;0;0;0;0;0;0;0.36555;15.3529;0.003664;0;0;0;0;0.72914;0;0;0;0;0;6.7549e-07;0;0;0;0;0.20114;0;0;0;0;0;0;0;0.064717;0.03954;6.8847;0;0;0;;0;0;2.5575;0.25282;0.16791;0;;0;0.28452;0.84638;4.456;0;13.8823;0;0;0;10.7905;0;;0;0;0;46.4577;102.3458;33.4326;115.3709;7.9727;18.3237;27.7746;2.5575;24.7128;27.9484;21.0337;3.2818;23.1711;-16.8995;131.904
1994;0.021984;0;13.2051;;1.4986;;0;6.6795;0;0;2.8764;0;0;0;0;0;0;0.0036117;0.083335;0;0;0;0;0;0;2.323;0;0.71082;0.0016254;0;0;0;4.7225;0;0;0;0;0.35541;0;0.72181;0;0.16854;0;0;0;0;0;0;0.0097348;0;0;0.56641;0;0;0;1.4326;0;0;0;0;0;0;0;0;;0;0.072155;0.65862;0;0;0;0;0;0.52558;0;0;0.042864;0;0;0;0;0;0;0;0;0;0;0.17557;0;4.056;9.8891;0.095264;0;22.3138;0;0.31137;0;0.050664;0;4.5923;0;0;0.95997;0;0;0;0;;0;3.4039;;0.0073048;0;0;0;0;0;5.2139;0;0;0;0;0;0;0;2.4988;0;0;0;0;0;0.021984;0;0;0;0;0.33426;0;0.095862;0;0;0;0;1.1422;;0.8757;0;0;0;0;0;0;0;1.865;0;0;0;0;0;0;0;0.36435;13.1378;0.003664;0;0;0;0;1.2128;0;0;0;0;0;7.5645e-07;0;0;0;0;0.1947;0;0;0;0;0;0;0;0.05254;0.040501;7.4636;0;0;0;;0;0;2.1691;0.26381;0.15907;0;;0;0.27708;0.75112;4.7231;0;13.9702;0;0;0;12.1608;0;;0;0;0;44.4366;107.0905;33.6618;117.8653;8.1235;18.5435;24.5568;2.1691;22.7246;33.8312;21.1916;2.9722;25.5381;-12.2951;139.232
1995;0.021984;0;15.5793;0;1.4033;;0;0;0;0;3.0183;0;0;0;0;0;0;0.0034537;0.083589;0;0;0;0;0;0;2.323;0;0.95997;0.0018815;0;0;0;4.988;0;0;0;0;0.3151;0;0.65586;0;0.16488;0;0;0;0;0;0;0.011022;0;0;0.44588;0;0;0;1.4839;0;0;0;0;0;0;0;0;;0;0.080837;0.59848;0;0;0;0;0;0.43509;0;0;0.036747;0;0;0;0;0;0;0;0;0;0;0.18055;0;3.2903;9.618;0.095264;0;22.5043;0;0.33;0;0.050442;0;4.6743;0;0;0.95997;0;0;0;0;;0;3.4258;;0.010054;0;0;0;0;0;5.4227;0;0;0;0;0;0;0;4.1367;0;0;0;0;0;0.014656;0;0;0;0;0.25785;0;0.063218;0;0;0;0;1.2129;;0.6925;0;0;0;0;0;0;0;1.9236;0;0;0;0;0;0;0;0.36232;14.1394;0.003664;0;0;0;0;0.46166;0;0;0;0;0;8.9216e-07;0;0;0;0;0.19115;0;0;0;0;0;0;0;0.063633;0.038656;1.8576;0;0;0;;0;0;1.9492;0.26014;0.15168;0;0;0;0.27098;0.6925;5.5945;0;17.365;0;0;0;12.2707;0;;0;0;0;49.8306;97.3161;39.6494;107.4973;8.6836;20.8372;24.0523;1.9492;24.349;27.4155;26.4897;3.0816;18.9722;-15.2427;131.904
1996;0.021984;0;14.3995;0;2.2277;;0;0;0;0;2.5992;0;0;0;0;0;0;0.0023251;0.091903;0;0;0;0;0;0;3.2829;0;0.72547;0.0014172;0;0;0;5.2962;0;0;0;0;0.29312;0;0.71814;0;0.16854;0;0;0;0;0;0;0.011476;0;0;0.48958;0;0;0;1.3044;0;0;0;0;0;0;0;0;;0;0.071896;0.60157;0;0;0;0;0;0.46581;0;0;0.041511;0;0;0;0;0;0;0;0;0;0;0.16319;0;3.7153;9.618;0.095264;0;23.0832;0;0.34178;0;0.048897;0;5.1994;0;0;0.95997;0;0;0;0;;0;3.4808;;0.012175;0;0;0;0;0;5.6206;0;0;0;0;0;0;0;8.7093;0;0;0;0;0;0.014656;0;0;0;0;0.23313;0;0.12606;0;0;0;0;1.3855;;0.72547;0;0;0;0;0;0;0;1.0919;0;0;0;0;0.062288;0;0;0.35599;14.3317;0.003664;0;0;0;0;1.788;0;0;0;0;0;8.1946e-07;0;0;;0;0.2109;0;0;0;0;0;0;0;0.032163;0.043902;1.8576;0;0;0;;0;0;2.7553;0.25282;0.15103;0;0;0;0.27143;0.75112;5.6474;0;16.7529;0;0;0;8.0755;0;;0;0;0;49.6277;101.1554;43.8707;106.9124;8.7719;20.5331;25.0266;2.7553;24.8068;29.4117;30.7584;2.7253;14.7659;-15.2151;135.568
1997;0.021984;0;13.326;0;2.8286;0;0;0;0;0;2.2367;0;0;0;0;0;0;0.0022291;0.092671;0;0;0;0;0;0;3.4039;0;0.72181;0.0012338;0;0;0;5.4911;0;0;0;0;0.30045;0;1.1065;0;0.16854;0;0;0;0;0;0;0.012306;0;0;0.69063;0;0;0;1.1981;0;0;0;0;0;0;0;0;0;0;0.11774;0.5849;0;0;0;0;0;0.48552;0;0;0.037568;0;0;0;0;0;0;0;0;0;0;0.15085;0;3.5687;9.4238;0.95997;0;21.1596;0;0.36784;0;0.047485;0;5.8376;0;0;0.98195;0;0;0;0;;0;3.5577;;0.016652;0;0;0;0;0;5.8184;0;0;0;0;0;0;0;12.1938;0;0;0;0;0;0.025648;0;0;0;0;0.31387;0;0.20282;0;0;0;0;1.2944;0;1.7331;0;0;0;0;0;0;0;1.2604;0;0;0;0;0.021984;0;0;0.34759;15.4171;0.003664;0;0;0;0;1.9053;0;0;0;0;0;7.5185e-07;0;0;;0;0.23937;0;0;0;0;0;0;0;0.049287;0.040092;2.3963;0;0;0;;0;0;1.9566;0.25648;0.14928;0;0;0;0.27093;2.9239;5.6055;0;15.8333;0;0;0;8.5225;0;;0;0;0;49.9474;107.7347;46.5595;111.1227;9.1135;20.141;25.4875;1.9566;26.1383;32.2093;33.5182;2.4395;15.7918;-18.4501;139.232
1998;0.021984;0;13.3333;0;3.2793;0;0;0;0;0;2.21;0;0;0;0;0;0;0.0023119;0.099452;0;0;0;0;0;0;4.3052;0;0.68883;0.0014106;0;0;0;6.9938;0;0;0;0;0.2345;0;1.2751;0;0.16854;0;0;0;0;0;0;0.013505;0;0;0.51039;0;0;0;1.4033;0;0;0;0;0;0;0;0;0;0;0.070867;0.56851;0;0;0;0;0;0.48422;0;0;0.02557;0;0;0;0;0;0;0;0;0;0;0.14132;0;3.3123;9.618;1.5389;0;19.236;0;0.34945;0;0.04228;0;5.8754;0;0;0.95997;0;0;0;0;;0;2.6637;;0.021757;0;0;0;0;0;6.9872;0;0;0;0;0;0;0;13.3113;0;0;0;0;0;0.010992;0;0;0;0;0.14168;0;0.1574;0;0;0;0;1.309;0;1.5755;0;0;0;0;0;0;0;0.92699;0;0;0;0;0.014656;0;0;0.3372;15.5146;0;0;0;0;0;0.82806;0;0;0;0;0;6.7988e-07;0;0;;0;0.2166;0;0;0;0;0;0;0;0.065458;0.04208;2.4915;0;0;0;;0;0;0;0.26014;0.13979;0;0;0;0.25161;2.8836;5.6374;0;6.5662;0;0;0;1.8796;0;;0;0;0;41.7716;99.226;39.3454;101.6523;8.6848;19.705;26.5716;0;25.8043;29.6533;26.8713;2.3674;10.0247;-12.7576;128.24
1999;0.021984;0;12.9522;0;4.2905;0;0;0;0;0;2.3013;0;0;0;0;0;0;0.0022743;0.10939;0;0;0;0;0;0;4.9061;0;0.5899;0.0016809;0;0;0;5.2758;0;0;0;0;0.24915;0;0.60456;0;0.18686;0;0;0;0;0;0;0.013904;0;0;1.0881;0;0;0;1.4216;0;0;0.076944;0;0;0;0;0;0;0;0.059907;0.51561;0;0;0;0;0;0.45887;0;0;0.0012956;0;0;0;0;0;0;0;0;0;0;0.1363;0;3.0045;2.9935;1.8283;0.038265;24.0432;0;0.31267;0;0.037621;0;7.1126;0;0;0.87936;0;0;0;0;;0;2.5648;;0.018223;0;0;0;0;0;6.8224;0;0;0;0;0;0;0;9.3908;0;0;0;0;0;0.025648;0;0;0;0;0.088317;0;0.098777;0;0;0;0;1.8522;0;2.5904;0;0;0;0;0;0;0;0.69982;0;0;0;0;0.01832;0;0;0.32902;16.7979;0;0;0;0;0;0.59723;0;0;0;0;0;5.8113e-07;0;0;;0;0.2079;0;0;0;0;0;0;0;0.062536;0.042272;2.5282;0;0;0;;0;0;0;0.26014;0.12788;0;0;0;0.2495;2.4988;5.0785;0;6.9173;0;0;0;0.28579;0;;0;0;0;42.0931;93.5739;34.483;101.1841;8.5205;20.3315;20.6264;0;27.4646;35.0934;21.5839;2.4001;8.1671;-14.755;120.912
2000;0.021984;0;11.1092;0;4.6826;0;0;0;0;0;2.6903;0;0;0;0;0;0;0.0024135;0.16467;0;0;0;0;0;0;5.1076;0;0.70715;0.0017176;0;0;0;5.3411;0;0;0;0;0.30045;0;0.97462;0;0.24182;0;0;0;0;0;0;0.013317;0;0;0.71327;0;0;0;1.5096;0;0;0.0916;0;0;0;0;0;0;0;0.064676;0.50139;0;0;0;0;0;0.49143;0;0;0.022766;0;0;0;0;0;0;0;0;0;0;0.12701;0;3.1107;3.8032;1.8283;0;24.1384;0;0.28707;0;0.035579;0;6.2502;0;0;0.96363;0;0;0;0;;0;2.6527;;0.024844;0;0;0;0;0;5.9174;0;0;0;0;0;0;0;9.0024;0;0;0;0;0;0.010992;0;0;0;0;0.16131;0;0.08344;0;0;33.0859;0;1.9452;0;1.865;1.4803;0;0;0;0;1.7917;0;0.50197;0;0;0;0;0;0;0;0.32464;16.7223;0;0;0;0;0;1.1139;0;0;0;0;0;4.7974e-07;0;0;0;0;0.20487;0;0;0;0;0;0;0;0.11965;0.038587;2.5282;0;0;0;;0;0;0;0.26014;0.1195;0;0;0;0.24559;2.4805;4.8663;0;5.7293;0;0;0;9.3762;0;;0;0;0;40.9203;137.0303;33.0237;144.927;8.089;52.1241;21.3375;0;27.043;35.0374;20.0728;2.7738;19.5621;-13.0707;164.88
2001;0.021984;0;8.4309;0;4.1586;0;0;0;0;0;2.8466;0;0.63387;0;0;0;0;0.0024022;0.14701;0;0;0;0;0;0;5.6499;0;0.58258;0.001429;0;0;0;4.9428;0;0;0;0;0.5093;0;0.69982;0;0;0;0;0;0;0;0;0.013911;0;0;0.76299;0;0;0;1.5169;0;0;2.4659;0;0;0;0;0;0;0;0.057912;0.51931;0;0;0;0;0.007328;0.49313;0;0;0.015757;0;0;0;0;0;0;0;0;0;0;0.11687;0;3.2243;9.2333;1.8283;0.056046;25.582;0;0.25746;0;0.032011;0;4.5635;0;0;0.61555;0;0;0;0;;0;2.6161;;0.036995;0;0;0;0;0;5.6682;0;0;0;0;0;0;0;7.0532;0;0;0;0;0;0.021984;0;0;0;0;0.088963;0;0.133;0;0;36.9331;0;1.6621;0;2.2021;1.7257;0;0;0;0;1.8833;0;0.34442;0;0;0.57525;0;0;0;0;0.32118;16.9457;0;0;0;0;0;0.44334;0;0;0;0;0;5.2653e-07;0;0;0;0;0.20447;0;0;0;0;0;0;0;0.091067;0.040222;1.5609;0;0;0;;0;0;0;0.26747;0.1104;0;0;0;0.24573;1.3264;5.0617;0;6.0634;0;0;0;6.3864;0;0;0;0;0;41.1578;138.8446;31.2796;148.7227;8.2462;54.8721;25.7148;0;27.1423;34.2442;18.0594;2.9796;16.99;-11.4584;168.544
2002;0;0;8.5921;0;6.1812;0;0;0;0;0;2.4391;0;1.2604;0;0;0;0;0.0023213;0.15235;0;0;0;0;0;0;4.6056;0;0.68517;0.0015372;0;0;0;5.2305;0;0;0;0;0.35541;0;1.0882;0;0;0;0;0;0;0;0;0.020176;0;0;0.64048;0;0;0;1.7257;0;0;3.2793;0;0;0;0;0;0;0;0.06802;0.47878;0;0;0;0;0.003664;0.49287;0;0;0.015779;0;0;0;0;0;0;0;0;0;0;0.11265;0;2.7443;9.4092;1.8283;0;20.7749;0;0.33674;0;0.03049;0;4.6227;0;0;0.44334;0;0;0;0;;0;2.5978;;0.034089;0;0;0;0;0;5.6975;0;0;0;0;0;0;0;5.4044;0;0;0;0;0;0.01832;0;0;0;0;0.11083;0;0.082271;0;0;43.8874;0;1.2894;0;3.0631;0;0;0;0;0;1.876;0;0.45067;0;0;0.57525;0;0;0;0;0.40986;24.3393;0;0;0;0;0;0.13557;0;0;0;0;0;4.1882e-07;0;0;0;0;0.22013;0;0;0;0;0;0;0;0.093221;0.040242;1.1139;0;0;0;0;0;0;0;0.27114;0.10579;0;0;0;0.24694;0.90501;4.6332;0;6.195;0;0;0;8.3393;0;0;0;0;0;47.7139;142.0429;28.5478;161.209;7.8207;64.8088;24.4718;0;33.7389;28.9451;16.8298;2.5214;18.4409;-13.8848;175.872
2003;0;0;8.2587;0;0.65586;0;0;0;0;0;2.1028;0;0.33342;0;0;0;0;0.0029515;0.11075;0;0;0;0;0;0;3.4698;0;0.7328;0.0012456;0;0;0;5.5731;0;0;0;0;0.1832;0;0.98562;0;0;0;0;0;0;0;0;0.024099;0;0;0.66303;0;0;0;1.5975;0;0;3.2646;0;0;0;0;0;0;0;0.062432;0.48678;0;0;0;0;0.003664;0.49087;0;0;0.011345;0;0;0;0;0;0;0;0;0;0;0.11995;0;2.0299;8.0315;1.9236;0;28.4693;0;0.33723;0;0.033994;0;4.1668;0;0;0.4983;0;0;0;0;;0;2.5758;;0.030036;0;0;0;0;0;5.9943;0;0;0;0;0;0;0;5.071;0;0;0;0;0;0.007328;0;0;0;0;0.087862;0;0.055061;0;0;44.7264;0;1.1881;0;3.1804;0;0;0;0;0;1.887;0;0.39571;0;0;0.57525;0;0;0;0;0.39878;23.8976;0;0;0;0;0;0.23083;0;0;0;0;0;6.792e-07;0;0;0;0;0.17699;0;0;0;0;0;0;0;0.084141;0.037907;1.4876;0;0;0;0;0;0;0;0.25282;0.10325;0;0;0;0.26315;1.1725;4.0196;0;6.0753;0;0;0;8.4455;0;0;0;0;0;46.3321;140.713;27.0987;159.9464;7.1051;59.7342;21.3336;0;32.4948;37.6409;16.7194;2.1578;16.9643;-14.8371;172.208
2004;0;0;7.0056;0;11.9263;0;0;0;0;0;2.1263;0;0;0;0;0;0;0.0022743;0.10178;0;0;0;0;0;0;3.598;0;0.62288;0.0023603;0;0;0;5.5377;0;0;0;0;0.458;0;0.97096;0;0;0;0;0;0;0;0;0.02322;0;0;0.74464;0;0;0;1.4986;0;0;2.9568;0;0;0;0;0;0;0;0.062825;0.47518;0;0;0;0;0.003664;0.48923;0;0;0.010978;0;0;0;0;0;0;0;0;0;0;0.11523;0;1.9016;7.35;15.3888;0;25.1387;0;0.32827;0;0.034498;0;5.1715;0;0;0.47998;0;0;0;0;;0;1.7294;;0.023705;0;0;0;0;0;4.3528;0;0;0;0;0;0;0;2.9605;0;0;0;0;0;0.010992;0;0;0;0;0.090432;0;0.046104;0;0;46.3936;0;1.2404;0;3.7849;0;0;0;0;0;3.6457;0;0.39205;0;0;0.57525;0;0;0;0;0.2963;27.3473;0;0;0;0;0;0.42502;0;0;0;0;0;1.9869e-07;0;0;0;0;0.21016;0;0;0;0;0;0;0;0.067971;0.042714;1.5242;0;0;0;0;0;0;0;0.28579;0.099236;0;0;0;0.28085;1.7697;4.1678;0.010992;5.9873;0;0;0;10.4571;0;0;0;0;0;49.8531;162.891;25.4204;187.3237;7.21;70.3085;19.448;0;36.1235;49.1858;14.4856;2.1724;21.0204;-18.5521;194.192
2005;0;0;6.1848;0;12.5016;0;0;0;0;0;1.989;0;0.37373;0;0;0;0;0.0020542;0.10375;0;0;0;0;0;0;4.8072;0;0.52762;0.0030561;0;0;0;5.4216;0;0;0;0;0.13923;0;0.75478;0;0;0;0;0;0;0;0;0.023751;0;0;0.53587;0;0;0;1.4986;0;0;1.9712;0;0;0;0;0;0;0;0.077731;0.59146;0;0;0;0;0.003664;0.49477;0;0;0.009054;0;0;0;0;0;0;0;0;0;0;0.10733;0;1.6854;7.0349;12.1901;0;23.0832;0;0.36384;0;0.037064;0;5.0696;0;0;0.003664;0;0;0;0;0;0;4.972;;0.016982;0;0;0;0;0;14.2823;0;0;0;0;0;0;0;3.5504;0;0;0;0;0;0.010992;0;0;0;0;0.090432;0;0.040309;0;0;44.2428;0;1.2337;0;2.77;0;0;0;0;0;6.8407;0;0.35907;0;0;7.5002;0;0;0;0;0.30333;28.6689;0;0;0;0;0;0.38472;0;0;0;0;0;6.319e-08;0;0;0;0;0.21737;0;0;0;0;0;0;0;0.08984;0.039926;1.4876;0;0;0;0;0;0;0;0.28946;0.099817;0;0;0;0.293;1.788;4.6902;0.003664;7.3737;0;0;0;13.6118;0;0;0;0;0;52.8159;180.0249;27.3202;205.5206;7.7188;70.1656;29.0252;0;37.9564;49.3073;16.3457;2.0293;28.0113;-16.6648;216.176
2006;0;0;6.423;0;12.5016;0;0;0;0;0;2.0615;0;4.8841;0;0;0;0;0.0020429;0.13005;0;0;0;0;0;0;3.5834;0;0.52762;0.0029201;0;0;0;5.925;0;0;0;0;0.10626;0;0.53128;0;0;0;0;0;0;0;0;0.020168;0;0;0.52587;0;0;0;1.4803;0;0;1.4803;0;0;0;0;0;0;0;0.065927;0.61036;0;0;0;0;0.003664;0.49549;0;0;0.0087005;0;0;0;0;0;0;0;0;0;0;0.10376;0;1.8393;6.0932;13.1684;0;30.4515;0;0.34336;0;0.03535;0;5.9126;0;0;0.4983;0;0;0;0;0;0;5.7305;;0.014217;0;0;0;0;0;11.6845;0;0;0;0;0;0;0;5.3311;0;0;0;0;0;0.014656;0;0;0;0;0.10873;0;0.045195;0;0;42.8944;0;1.1889;0;3.1181;0;0;0;0;0;6.7711;0;0.16488;0;0;7.8849;0;0;0;0;0.30963;29.0986;0;0;0;0;0;0.13557;0;0;0;0;0;3.4284e-07;0;0;0;0;0.26118;0;0;0;0;0;0;0;0.15738;0.045621;1.2091;0;0;0;0;0;0;0;0.29678;0.095294;0;0;0;0.30648;1.8283;3.9706;0.003664;7.9588;0;0;0;9.9661;0;0;0;0;0;53.7937;186.6158;29.5946;210.815;7.1284;69.3302;30.995;0;37.77;58.3895;19.2149;2.1066;22.6032;-16.9055;223.504
2007;0;0;8.9915;0;14.0404;0;0;0;0;0;2.3224;0;0.58624;0;0;0;0.003664;0.001883;0.11429;0;0;0;0;0;0;3.8509;0;0.52395;0.0020598;0;0;0;5.2206;0;0;0;0;0.37006;0;0.53128;0;0;0;0;0;0;0;0;0.018764;0;0;0.53816;0;0;0;1.4803;0;0;0.98562;0;0;0;0;0;0;0;0.087352;0.59116;0;0;0;0;0.003664;0.46174;0;0;0.0066296;0;0;0;0;0;0;0;0;0;0;0.094149;0;2.4182;5.3201;12.8496;0;30.1914;0;0.34558;0;0.036953;0;5.1655;0;0;0.47998;0;0;0;0;0;0;5.5949;0;0.012104;0;0;0;0;0;9.9111;0;0;0;0;0;0;0;10.6439;0;0;0;0;0;0.014656;0;0;0;0;0.091158;0;0.2076;0;0;42.8944;0;2.4212;0;2.7004;0;0;0;0;0;8.669;0;0.14656;0;0;8.0791;0;0;0;0;0.25959;35.3052;0;0;0;0;0;0.38472;0;0;0;0;0;6.5501e-07;0;0;0;0;0.5067;0;0;0;0;0;0;0;0.10891;0.038693;1.0223;0;0;0;0;0;0;0;0.30045;0.093484;0;0;0;0.30521;1.865;4.2209;0.003664;8.8083;0;0;0;13.8206;0;0;0;0;0;62.1255;193.9385;37.3488;218.7152;7.4593;72.811;23.9804;0.003664;45.5315;57.6659;24.6728;2.53;28.8687;-17.904;238.16
2008;0;0;9.5264;0;13.3113;0;0;0;0;0;2.3572;0;3.3196;0;0;0;0.003664;0.0018924;0.11608;0;0;0;0;0;0;4.1733;0;0.51662;0.0017107;0;0;0;4.9815;0;0;0;0;0.37739;0;0.48365;0;0;0;0;0;0;0;0;0.018425;0;0;0.38695;0;0;0;1.4803;0;0;1.0369;0;0;0;0;0;0;0;0.099563;0.52416;0;0;0;0;0.003664;0.45398;0;0;0.0050004;0;0;0;0;0;0;0;0;0;0;0.096936;0;2.1141;5.2908;11.4573;0;32.3385;0;0.31001;0;0.037272;0;3.4374;0;0;0.38472;0;0;0;0;0;0;7.5772;0;0.01003;0;0;0;0;0;12.2414;0;0;0;0;0;0;0;25.615;0;0;0;0;0;0.010992;0;0;0;0;0.047429;0;0.35853;0;0;36.6876;0;1.9929;0;2.7004;0;0;0;0;0;5.6279;0;0.33342;0;0;6.9176;0;0;0;0;0.24519;25.0389;0;0;0;0;0;0;0;0;0;0;0;4.7498e-07;0;0;0;0;0.33251;0;0;0;0;0;0;0;0.061399;0.042055;0.83539;0;0;0;0;0;0;0;0.30045;0.094821;0;0;0;0.29575;1.8833;3.6305;0.003664;10.4041;0;0;0;17.6458;0;0;0;0;0;51.8482;207.7325;52.3439;207.2368;6.3399;68.4435;26.9719;0.003664;33.7113;56.612;41.0007;2.7158;30.1217;-10.4287;249.152
2009;0;0;10.5853;0;13.2857;0;0;0;0;0;2.6223;0;3.1913;0;0;0;0.003664;0.0019752;0.11673;0;0;0;0;0;0;6.5366;0;0.49098;0.001051;0;0;0;4.3372;0;0;0;0;0.080608;0;0.99294;0;0;0;0;0;0;0;0;0.016902;0;0;0.26042;0;0;0;1.0955;0;0;1.0369;0;0;0;0;0;0;0;0.076914;0.49262;0;0;0;0;0.003664;0.43158;0;0;0.0071113;0;0;0;0;0;0;0;0;0;0;0.10082;0;1.9053;8.4455;13.5531;0;30.5358;0;0.27041;0;0.034604;0;3.2591;0;0;0.38472;0;0;0;0;0;0;6.2728;0;0.0090328;0;0;0;0;0;11.6808;0;0;0;0;0;0;0;13.249;0;0;0;0;0;0.010992;0;0;0;0;0.041503;0;0.33556;0;0;25.637;0;1.2566;0;2.7773;0;0;0;0;0;11.8824;0;0.28946;0;0;7.6284;0;0;0;0;0.23196;25.8995;0;0;0;0;0;0;0;0;0;0;0;7.1185e-07;0;0;0;0;0.25319;0;0;0;0;0;0;0;0.078842;0.039661;0.74379;0;0;0;0;0;0;0;0.35174;0.097545;0;0;0;0.27327;1.8613;3.7163;0.003664;10.3203;0;0;0;16.8361;0;0;0;0;0;51.2244;194.711;38.2367;207.6986;6.1054;57.1731;29.0223;0.003664;33.5764;57.582;27.9065;2.9579;37.7136;-15.1033;230.832
2010;0;0;9.6107;0;13.5458;0;0;0;0;0;2.7599;0;3.3306;0;0;0;0.003664;0.0020109;0.10261;0;0;0;0;0;0;5.1369;0;0.47266;0.0011706;0;0;0;4.245;0;0;0;0;0.051296;0;1.0809;0;0;0;0;0;0;0;0;0.01357;0;0;0.35273;0;0;0;0.94898;0;0;1.0369;0;0;0;0;0;0;0;0.098358;0.51142;0;0;0;0;0.003664;0.40566;0;0;0.010008;0;0;0;0;0;0;0;0;0;0;0.09101;0;1.865;10.0137;13.9085;0;31.9611;0;0.30088;0;0.032637;0;2.5476;0;0;0.4177;0;0;0;0;0;0;6.7015;0;0.0090093;0;0;0;0;0;19.0015;0;0;0;0;0;0;0;7.819;0;0;0;0;0;0.010992;0;0;0;0;0.051449;0;0.37589;0;0;29.4183;0;1.484;0;2.4879;0;0;0;0;0;14.7623;0;0.18686;0;0;1.9676;0;0;0;0;0.22185;32.9951;0;0;0;0;0;0;0;0;0;0;0;6.0109e-07;0;0;0;0;0.27674;0;0;0;0;0;0;0;0.078509;0.037273;0.85371;0;0;0;0;0;0;0;0.42502;0.11073;0;0;0;0.24558;1.8686;3.8667;0.003664;10.3263;0;0;0;12.8496;0;0;0;0;0;58.8933;194.4048;33.4016;219.8965;6.3917;60.7418;37.2783;0.003664;41.1556;53.5758;22.3902;3.1358;35.0168;-15.1381;238.16
2011;0;0;6.9323;0;13.8169;0;0;0;0;0;2.2446;0;3.2023;0;0;0;0.003664;0.0021012;0.092656;0;0;0;0;0;0;3.6164;0;0.49098;0.0024196;0;0;0;4.5715;0;0;0;0;0.058624;0;1.3154;0;0;0;0;0;0;0;0;0.012682;0;0;0.25165;0;0;0;1.0369;0;0;2.29;0;0;0;0;0;0;0;0.087999;0.4016;0;0;0;0;0;0.40165;0;0;0.0086243;0;0;0;0;0;0;0;0;0;0;0.088894;0;2.0775;9.5374;18.4885;0;33.412;0;0.31241;0;0.032027;0;2.4061;0;0;0.4177;0;0;0;0;0;0;2.5062;0;0.0089857;0;0;0;0;0;16.8068;0;0;0;0;0;0;0;7.819;0;0;0;0;0;0.010992;0;0;0;0;0.047945;0;0.36114;0;0;27.447;0;1.4243;0;1.766;0;0;0;0;0;6.9176;0;0.20152;0;0;1.0736;0;0;0;0;0.22018;35.6774;0;0;0;0;0;0;0;0;0;0;0;6.5934e-07;0;0;0;0;0.29029;0;0;0;0;0;0;0;0.072164;0.036539;1.2824;0;0;0;0;0;0;0;0.40304;0.10618;0;0;0;0.23387;1.8906;3.6559;0.003664;12.8928;0;0;0;17.8583;0;0;0;0;0;63.4302;185.1978;35.2712;213.3568;5.9561;53.3991;34.5641;0.003664;43.3303;58.4371;25.2832;2.6057;31.0048;-17.796;230.832
2012;0;0;6.9323;0;13.8169;0;0;0;0;0;3.0109;0;3.2023;0;0;0;0.003664;0.0020109;0.09202;0;0;0;0;0;0;3.6164;0;0.49098;0.0023107;0;0;0;4.6636;0;0;0;0;0.058624;0;1.3154;0;0;0;0;0;0;0;0;0.01199;0;0;0.21691;0;0;0;1.0369;0;0;2.29;0;0;0;0;0;0;0;0.10048;0.44922;0;0;0;0;0;0.40664;0;0;0.0082762;0;0;0;0;0;0;0;0;0;0;0.080395;0;2.0775;9.5374;18.4885;0;33.412;0;0.31761;0;0.031228;0;2.4061;0;0;0.4177;0;0;0;0;0;0;2.5062;0;0.0080353;0;0;0;0;0;16.8068;0;0;0;0;0;0;0;7.819;0;0;0;0;0;0.010992;0;0;0;0;0.05914;0;0.23584;0;0;27.447;0;1.3597;0;1.766;0;0;0;0;0;6.9176;0;0.20152;0;0;1.0736;0;0;0;0;0.20811;36.5943;0;0;0;0;0;0;0;0;0;0;0;1.2578e-06;0;0;0;0;0.42176;0;0;0;0;0;0;0;0.073085;0.028293;1.2824;0;0;0;0;0;0;0;0.40304;0.10119;0;0;0;0.22149;1.8906;3.2573;0.003664;13.0968;0;0;0;17.8583;0;0;0;0;0;64.9556;185.1927;35.9001;214.2482;5.7133;53.3991;34.5633;0.003664;43.9192;58.4321;25.5794;3.2467;31.0048;-19.3162;230.832
2013;0;0;6.9323;0;13.8169;0;0;0;0;0;3.0109;0;3.2023;0;0;0;0.003664;0.0020109;0.09202;0;0;0;0;0;0;3.6164;0;0.49098;0.0023107;0;0;0;4.6636;0;0;0;0;0.058624;0;1.3154;0;0;0;0;0;0;0;0;0.01199;0;0;0.21691;0;0;0;1.0369;0;0;2.29;0;0;0;0;0;0;0;0.10048;0.44922;0;0;0;0;0;0.40664;0;0;0.0082762;0;0;0;0;0;0;0;0;0;0;0.080395;0;2.0775;9.5374;18.4885;0;33.412;0;0.31761;0;0.031228;0;2.4061;0;0;0.4177;0;0;0;0;0;0;2.5062;0;0.0080353;0;0;0;0;0;16.8068;0;0;0;0;0;0;0;7.819;0;0;0;0;0;0.010992;0;0;0;0;0.05914;0;0.23584;0;0;27.447;0;1.3597;0;1.766;0;0;0;0;0;6.9176;0;0.20152;0;0;1.0736;0;0;0;0;0.20811;36.5943;0;0;0;0;0;0;0;0;0;0;0;1.2578e-06;0;0;0;0;0.42176;0;0;0;0;0;0;0;0.073085;0.028293;1.2824;0;0;0;0;0;0;0;0.40304;0.10119;0;0;0;0.22149;1.8906;3.2573;0.003664;13.0968;0;0;0;17.8583;0;0;0;0;0;64.9556;185.1927;35.9001;214.2482;5.7133;53.3991;34.5633;0.003664;43.9192;58.4321;25.5794;3.2467;31.0048;-19.3162;230.832
2014;0;0;6.9323;0;13.8169;0;0;0;0;0;3.0109;0;3.2023;0;0;0;0.003664;0.0020109;0.09202;0;0;0;0;0;0;3.6164;0;0.49098;0.0023107;0;0;0;4.6636;0;0;0;0;0.058624;0;1.3154;0;0;0;0;0;0;0;0;0.01199;0;0;0.21691;0;0;0;1.0369;0;0;2.29;0;0;0;0;0;0;0;0.10048;0.44922;0;0;0;0;0;0.40664;0;0;0.0082762;0;0;0;0;0;0;0;0;0;0;0.080395;0;2.0775;9.5374;18.4885;0;33.412;0;0.31761;0;0.031228;0;2.4061;0;0;0.4177;0;0;0;0;0;0;2.5062;0;0.0080353;0;0;0;0;0;16.8068;0;0;0;0;0;0;0;7.819;0;0;0;0;0;0.010992;0;0;0;0;0.05914;0;0.23584;0;0;27.447;0;1.3597;0;1.766;0;0;0;0;0;6.9176;0;0.20152;0;0;1.0736;0;0;0;0;0.20811;36.5943;0;0;0;0;0;0;0;0;0;0;0;1.2578e-06;0;0;0;0;0.42176;0;0;0;0;0;0;0;0.073085;0.028293;1.2824;0;0;0;0;0;0;0;0.40304;0.10119;0;0;0;0.22149;1.8906;3.2573;0.003664;13.0968;0;0;0;17.8583;0;0;0;0;0;64.9556;185.1927;35.9001;214.2482;5.7133;53.3991;34.5633;0.003664;43.9192;58.4321;25.5794;3.2467;31.0048;-19.3162;230.832
