;Afghanistan;Albania;Algeria;Andorra;Angola;Anguilla;Antigua and Barbuda;Argentina;Armenia;Aruba;Australia;Austria;Azerbaijan;Bahamas;Bahrain;Bangladesh;Barbados;Belarus;Belgium;Belize;Benin;Bermuda;Bhutan;Bosnia and Herzegovina;Botswana;Brazil;British Virgin Islands;Brunei Darussalam;Bulgaria;Burkina Faso;Burundi;Cambodia;Canada;Cape Verde;Cayman Islands;Central African Republic;Chad;Chile;China;Colombia;Comoros;Congo;Cook Islands;Costa Rica;C�te d'Ivoire;Croatia;Cuba;Cyprus;Czech Republic;North Korea;Democratic Republic of the Congo;Denmark;Djibouti;Dominica;Dominican Republic;Ecuador;Egypt;El Salvador;Equatorial Guinea;Eritrea;Estonia;Ethiopia;Faeroe Islands;Falkland Islands (Malvinas);Micronesia (Federated States of);Fiji;Finland;France;French Guiana;French Polynesia;Gabon;Gambia;Georgia;Germany;Ghana;Gibraltar;Greece;Greenland;Grenada;Guadeloupe;Guatemala;Guinea;Guinea-Bissau;Guyana;Haiti;Honduras;Hong Kong;Hungary;Iceland;India;Indonesia;Iraq;Ireland;Iran;Israel;Italy;Jamaica;Japan;Jordan;Kazakhstan;Kenya;Kiribati;Kuwait;Kyrgyzstan;Laos;Latvia;Lebanon;Lesotho;Liberia;Libya;Liechtenstein;Lithuania;Luxembourg;Macao;Macedonia (Republic of);Madagascar;Malawi;Malaysia;Maldives;Mali;Malta;Marshall Islands;Martinique;Mauritania;Mauritius;Mexico;Mongolia;Montenegro;Montserrat;Morocco;Mozambique;Myanmar;Namibia;Nauru;Nepal;Netherlands Antilles;Netherlands;New Caledonia;New Zealand;Nicaragua;Niger;Nigeria;Niue;Norway;Occupied Palestinian Territory;Oman;Pakistan;Palau;Panama;Papua New Guinea;Paraguay;Peru;Philippines;Bolivia;Poland;Portugal;Qatar;Cameroon;South Korea;Moldova;R�union;Romania;Russian Federation;Rwanda;Saint Helena;Saint Lucia;Samoa;Sao Tome and Principe;Saudi Arabia;Senegal;Serbia;Seychelles;Sierra Leone;Singapore;Slovakia;Slovenia;Solomon Islands;Somalia;South Africa;Spain;Sri Lanka;Saint Kitts and Nevis;Saint Pierre and Miquelon;Saint Vincent and the Grenadines;Sudan;Suriname;Swaziland;Sweden;Switzerland;Syria;Taiwan;Tajikistan;Thailand;Timor-Leste;Togo;Tonga;Trinidad and Tobago;Tunisia;Turkey;Turkmenistan;Turks and Caicos Islands;Uganda;Ukraine;United Arab Emirates;United Kingdom;Tanzania;United States of America;Uruguay;Uzbekistan;Vanuatu;Venezuela;Viet Nam;Wallis and Futuna Islands;Yemen;Zambia;Zimbabwe;KP Annex B;Non KP Annex B;OECD;Non-OECD;EU28;Africa;Asia;Central America;Europe;Middle East;North America;Oceania;South America;Statistical Difference;World
1960;0;0.084272;0;;0;;0;2.3633;0.2497;;0;2.9202;1.6229;0;0;0.13212;0.003664;2.2455;0.062288;0;0;0;;0.017002;;0.11358;;0.30411;0;0;0;0;21.537;0;0;0;0;0.0916;1.9932;0.68883;0;0;;0;0;0.093076;0;0;1.4294;0;0;0;0;0;0;0;0;0;0;;0.11788;0;0;0;;0;0;5.6865;0;0;0.014656;0;0.65043;1.3484;0;0;0;0;0;0;0;0;0;0;0;0;0;1.0113;0;0;4.6679;1.1578;0;1.8393;0;12.0802;0;1.6012;0;2.4481;0;;1.8064;0.22076;0;0.25523;0;;0;0;;0.41231;0;0;0;0;0;0.14656;;0;0;;0;0;0;6.379;0;0;;0.01832;0;0.040304;;;0;;0.64853;0;0;0;0;0;;0;;;1.0001;;0;0;0;0.12458;0;0.010992;1.4693;0;0;0;0;0.5023;0;20.0018;59.8681;0;;0;0;0;0;0;0.11237;;0;0;1.227;0.030366;0;0;0;0;0;;0;0;0;0;0;0;0;0;0.047632;0.23128;0;;0;0;1.4656;0.014656;0;0.90592;;0;14.0283;0;0.15022;0;630.0248;0;5.5184;;9.5008;0;;0;0;0;776.0032;48.7339;687.8151;136.922;48.9439;0.047632;21.7806;1.4693;125.8016;4.8035;657.9408;0;12.8936;6.9909;831.728
1961;0;0.084272;0.45067;;0;;0;4.0304;0.32422;;0;3.0888;2.1073;0;0;0.16034;0.007328;2.9156;0.069616;0;0;0;;0.019959;;0.11358;;0.2748;0;0;0;0;22.966;0;0;0;0;0.10259;2.8176;0.71082;0;0;;0;0;0.10926;0;0;1.3959;0;0;0;0;0;0;0;0;0;0;;0.15306;0;0;0;;0;0;7.9252;0;0;0.014656;0;0.84455;1.4803;0;0;0;0;0;0;0;0;0;0;0;0;0;0.92699;0;0.003664;4.9281;1.2238;0;1.9016;0.007328;12.802;0;2.0445;0;3.1787;0;0;1.8833;0.28664;0;0.3314;0;;0;0;;0.53536;0;0;0;0;0;0.1319;;0;0;;0;0;0;8.0352;0;0;;0.01832;0;0.029312;;;0;;0.87936;0;0;0;0;0;;0;;;1.2137;;0;0;0;0.12458;0;0.084272;1.854;0;0;0;0;0.65221;0;21.537;77.7356;0;;0;0;0;0;0;0.13191;;0;0;1.1982;0.035647;0;0;0;0;0;;0;0;0;0;0;0;0;0;0.069616;0.30031;0;;0;0;1.5938;0.014656;0;1.1763;;0;18.215;0;0.15022;0;636.4148;0;7.1654;;10.1126;0;;0;0;0;811.8481;59.2459;701.5296;169.5644;54.4723;0.4983;27.0569;1.6012;154.2268;5.016;667.4159;0;15.2789;8.266;879.36
1962;0;0.084272;0.68883;;0;;0;5.1076;0.40342;;0.003664;3.239;2.622;0;0;0.19797;0.007328;3.6278;0.076944;0;0;0;;0.020698;;0.10992;0;0.29312;0;0;0;0;25.9778;0;0;0;0;0.10259;2.323;1.0736;0;0;;0;0;0.11331;0;0;1.179;0;0;0;0;0;0;0;0;0;0;;0.19045;0;0;0;;0;0;9.3176;0;0;0.01832;0;1.0508;1.9676;0;0;0;0;0;0;0;0;0;0;0;0;0;0.9563;0;0.010992;5.1919;1.2384;0;2.0372;0.021984;13.3992;0;2.6601;0;3.9551;0;0;2.5428;0.35666;0;0.41235;0;;0;0;;0.66613;0;0;0;0;0;0.13557;;0;0;;0;0;0;11.8494;0;0;0;0.01832;0;0.032976;;;0;;0.96363;0;0;0;0;0;;0;;;1.4985;;0;0;0;0.12458;0;0.080608;2.0775;0;0;0;0;0.81152;0;25.4062;96.7235;0;;0;0;0;0.021984;0;0.1368;;0;0;1.012;0.036968;0;0;0;0;0;;0;0;0;0;;0;0;0;0.069616;0.37366;0;;0;0;1.6268;0.014656;0;1.4636;;0;22.6642;0;0.21618;0;676.3671;0;8.9156;0;10.6916;0;;0;0;0;885.6267;70.9521;751.6149;204.9639;61.2303;0.74013;31.5546;1.6341;185.2992;5.8624;714.1942;0.003664;17.2904;7.0532;963.632
1963;0;0.084272;0.60456;;0;;0;5.8294;0.49442;;0.007328;3.3782;3.2135;0;0.095264;0.24799;0.007328;4.4462;0.069616;0;0;0;;0.025626;;0.16488;0;0.30045;0;0;0;0;22.3651;0;0;0;0;0.10259;1.9566;1.3044;0;0;;0;0;0.14029;0;0;1.1021;0;0;0;0;0;0;0;0;0;0;;0.2334;0;0;0;;0;0;9.585;0;0;0.01832;0;1.2879;2.5611;0;0;0;0;0;0;0;0;0;0;0;0;0;1.3484;0;0.010992;5.3714;1.3923;0;2.2057;0.01832;13.6191;0;3.6713;0;4.8473;0;0;2.9165;0.43711;0;0.50536;0;;0;0;;0.8164;0;0;0;0;0;0.10626;;0;0;;0;0;0;11.6588;0;0;0;0.021984;0;0.029312;;;0;;1.1175;0;0;0;0;0.058624;;0;;;1.8771;;0;0;0;0.13923;0;0.084272;2.3413;0;0.16854;0;0;0.99458;0;27.9856;118.542;0;;0;0;0;0.029312;0;0.16937;0;0;0;0.94604;0.04577;0;0;0;0.003664;0;;0;0;0;0;;0;0;0;0.095264;0.45795;0;;0;0;1.5938;0.014656;0;1.7938;;0;27.7767;0;0.28946;0;718.4554;0;10.9268;0;11.5599;0;;0;0;0;956.9063;79.163;792.9196;243.1497;66.0884;0.71814;37.1255;1.6012;218.1271;6.826;752.4793;0.007328;19.1847;11.8347;1047.904
1964;0;0.084272;1.1908;;0;;0;6.467;0.60163;;0.007328;3.5211;3.9103;0;0.095264;0.3117;0.007328;5.4102;0.07328;0;0;0;;0.03499;;0.16122;0;0.26747;0;0;0;0;34.1595;0;0;0;0;0.10259;2.0299;1.3813;0;0;;0;0;0.19155;0;0;1.041;0;0;0;0;0;0;0;0.098928;0;0;;0.28401;0;0;0;;0;0;10.0394;0;0;0.01832;0;1.5671;3.8252;0;0;0;0;0;0;0;0;0;0;0;0;0;1.7184;0;0.021984;5.2432;1.4583;0;2.3083;0.05496;14.3043;0;4.0048;0;5.8983;0;0;3.217;0.53189;0;0.61494;0;;0;0;;0.99341;0;0;0;0;0;0.098928;;0;0;;0;0;0;13.4542;0;0;0;0.021984;0;0.007328;;0;0;;1.5389;0;0;0;0;0.10259;;0;;0;2.3594;;0;0;0;0.65952;0;0.0916;2.682;0;0.15022;0;0;1.2102;0;30.1584;144.245;0;;0;0;0;1.2384;0;0.23126;0;0;0;0.89357;0.062493;0;0;0;0.003664;0;;0;0;0;0;0;0;0;0;0.30411;0.55725;0;;0;0;2.0848;0.01832;0;2.1827;;0;33.7994;0;0.51296;0;759.0709;0;13.296;0;12.7177;0;;0;0;0;1047.7455;93.2608;851.3545;289.6518;72.4586;1.4509;43.1939;2.0921;257.474;8.5225;806.6846;0.007328;21.581;16.8178;1157.824
1965;0;0.084272;1.777;;0;;0;7.2474;0.69681;;0.007328;3.4222;4.5289;0;0.095264;0.369;0.007328;6.2661;0.095264;0;0;0;;0.051006;;0.19419;0;0.3261;0.12458;0;0;0;38.036;0;0;0;0;0.11358;2.1105;1.7038;0;0;;0;0;0.27923;0;0;0.93849;0;0;0;0;0;0;0;0.095264;0;0;;0.32895;0;0;0;;0;0;10.0723;0;0;0.021984;0;1.8151;5.5363;0;0;0;0;0;0;0;0;0;0;0;0;0;2.3413;0;0.28213;6.0566;0.95264;0;2.3779;0.13557;14.5058;0;3.609;0;6.8315;0;0;3.4442;0.61604;0;0.71223;0;;0;0;;1.1506;0;0;0;0;0;0.098928;;0;0;;0;0;0;15.7662;0;0;0;0.021984;0;0.014656;;0;0;;3.0155;0;0;0;0;0.18686;;0;;0;2.793;;0;0;0;0.62288;0;0.10626;3.151;0;0.15389;0;0;1.4017;0;33.489;167.0659;0;;0;0;0;1.9749;0;0.33711;0;0;0;0.80557;0.091099;0;0;0;0.007328;0;;0;0;0;0;0;0;0;0;0.56426;0.64541;0;;0;0;2.2497;0.01832;0;2.528;;0;39.1468;0;1.6854;0;782.6048;0;15.3995;0;13.4725;0;;0;0;0;1112.222;106.5563;886.269;332.5093;81.7521;2.1215;49.2855;2.257;296.1051;9.1344;836.4069;0.007328;23.4606;15.9897;1234.768
1966;0;0.10259;1.8503;;0;;0;7.8483;0.77288;;0.007328;3.6713;5.0233;0;0.11358;0.41689;0.007328;6.9502;0.20152;0;0;0;;0.053963;;0.24549;0;0.28946;0.18686;0;0;0;42.4218;0;0;0;0;0.11358;2.5685;2.0225;0;0;;0;0;0.29542;0;0;1.041;0;0;0;0;0;0;0;0.10626;0;0;;0.36486;0;0;0;;0;0;10.5926;0;0;0.021984;0;2.0132;6.6795;0;0;0;0;0;0;0;0;0;0;0;0;0;3.1987;0;0.31144;6.0712;1.0406;0;2.682;0.17954;15.8395;0;3.7006;0;7.5773;0;0;4.7632;0.68329;0;0.78998;0;;0;0;;1.2762;0.010992;0;0;0;0;0.11358;;0;0;;0;0;0;17.012;0;0;0;0.025648;0;0.021984;;0;0;;5.7195;0;0;0;0;0.33709;;0;;0;3.1555;;0;0;0;0.65219;0;0.1319;3.7629;0;0.15755;0;0;1.5547;0;36.0135;185.3045;0;;0;0;0;2.1764;0;0.35666;0;0;0;0.89357;0.09638;0;0;0;0.014656;0;;0;0;0;0;0;0;0;0;0.81341;0.71587;0;;0;0;2.6417;0.01832;0;2.804;;0;43.4205;0;1.6488;0;842.207;0;17.0807;0;14.3262;0;;0;0;0;1209.3595;117.9245;959.3777;367.9063;92.2977;2.3596;54.1333;2.6491;330.0408;11.1129;901.6408;0.007328;25.3402;6.412;1333.696
1967;0.26014;0.12824;1.7917;;0;;0;8.2074;0.84629;;0.007328;3.5174;5.5004;0;0.11358;0.48615;0.007328;7.6103;0.92699;0;0;0;;0.062587;;0.25648;0;0.29312;0.56792;0;0;0;45.0635;0;0;0;0;0.12458;2.7993;2.1068;0;0;;0;0;0.34263;0;0;1.2737;0;0;0;0;0;0;0;0.10626;0;0;;0.39951;0;0;0;;0;0;12.0619;0;0;0.032976;0;2.2044;8.7753;0;0;0;0;0;0;0;0;0;0;0;0;0;4.133;0;0.48731;6.1225;0.89035;0;2.8396;0.20885;17.3014;0;3.9095;0;8.297;0;0;5.1992;0.74819;0;0.86501;0;;0;0;;1.3974;0.007328;0;0;0;0;0.13923;;0;0;;0;0;0;19.8149;0;0;0;0.021984;0;0.014656;;0;0;;10.3288;0;0;0;0;0.34808;;0;;0;3.6798;;0;0;0;0.6009;0;0.13923;4.7302;0;0.21618;0;0;1.7024;0;39.5932;202.9042;0;;0;0;0;2.1801;0;0.41366;0;0;0;1.0933;0.11178;0;0;0;0.007328;0;;0;0;0;0;0;0;0.003664;0;0.9673;0.78386;0;;0;0;2.9165;0.01832;0;3.0703;;0;47.5445;0.87203;2.7773;0;881.2836;0;18.703;0;15.6929;0;;0;0;0;1290.9277;130.0265;1017.8612;403.093;110.2114;2.3193;59.3126;2.9239;370.5809;12.5199;946.162;0.007328;27.1283;15.3338;1436.288
1968;0.34808;0.14656;1.8833;;0;;0;9.1417;0.91746;;0.010992;3.7446;5.963;0;0.51662;0.54559;0.007328;8.2503;2.3926;0;0;0;;0.078357;;0.23083;0;0.28579;0.8757;0;0;0;55.5243;0;0;0;0;0.12824;2.6857;2.1764;0;0;;0;0;0.42896;0;0;1.5477;0;0;0;0;0;0;0.032976;0.10626;0;0;;0.43311;0;0;;;0;0;14.3006;0;0;0.047632;0;2.3898;14.4655;0;0;0;0;0;0;0;0;0;0;0;0;0;5.3275;0;0.75112;6.3094;0.93066;0;3.0375;0.27114;20.2216;0;4.2283;0;8.9948;0;0;6.4083;0.81111;0;0.93776;0;;0;0;;1.5149;0.010992;0;0;0;0;0.13557;;0;0;;0;0;0;19.8259;0;0;0;0.021984;0;0.021984;;0;0;;17.0339;0;0;0;0;0.28213;;0;;0;4.1297;;0;0;0;0.68883;0;0.12824;6.2764;0;0.98562;0;0;1.8455;0;41.9162;219.9683;0;0;0;0;0;3.1474;0;0.51789;0;0;0;1.3285;0.13995;0;0;0;0.003664;0;;0;0;0;0;0;0;0.021984;0;1.3447;0.84978;0;;0;0;3.0594;0.021984;0;3.3286;;0;51.5429;1.1505;6.2654;0;936.3608;0;20.2759;0;16.1985;0;;0;0;0;1406.8231;141.3561;1109.8637;438.3155;139.1656;2.3633;64.3163;3.0668;421.5375;16.4477;1011.711;0.010992;28.7258;5.3568;1553.536
1969;0;0.16854;2.4769;;0;;0;9.105;0.9819;;0.48731;4.6716;6.3818;0;0.59357;0.67215;0.007328;8.8298;4.9537;0;0;0;;0.09807;;0.2345;0;0.32243;0.90867;0;0;0;58.2979;0;0;0;0;0.1429;3.7593;2.4256;0;0.007328;0;0;0;0.53687;0;0;1.9085;0;0;0;0;0;0;0.032976;0.13557;0;0;;0.46353;0;0;;;0;0;16.5906;0;0;0.047632;0;2.5577;20.621;0;0;0;0;0;0;0;0;0;0;0;0;0;6.368;0;0.99661;4.9977;1.4619;0;9.0208;0.27114;22.3467;0;4.7192;0;9.6265;0;0;7.1558;0.86808;0;1.0036;0;;0;0;;1.6213;0.01832;0;0;0;0;0.19786;;0;0;;0;0;0;19.5951;0;0;0;0.080608;0;0.032976;;0;0;;18.5032;0;0;0;0;0.12091;;0;;0;5.0877;;0;0;0;0.70715;0;0.19053;8.68;0;1.6305;0;0;1.9752;0;46.0162;235.4181;0;;0;0;0;3.3489;0;0.64817;0;0;0;1.6382;0.17516;0;0;0;0.12824;0;;0;0;0;0;0;0;0.025648;0.19053;1.6891;0.90947;0;;0;0;3.0741;0.021984;0;3.5623;;0;55.1631;1.1322;12.2524;0;1018.0827;0;21.7;0;16.6749;0;;0;0;0;1541.6;155.9495;1220.9412;476.6083;169.406;2.8909;69.0628;3.0814;471.7326;24.8053;1095.9757;0.48731;29.5135;13.5385;1711.088
1970;0.21618;0.18686;0.13557;;0.084272;;0;10.2812;0.90959;;2.7553;5.6719;5.9118;0;0.67051;0.54986;0.007328;8.1796;7.8373;0;0;0;0;0.1338;;0.15389;0;0.38838;0.8244;0;0;0;62.6251;0;0;0;0;2.3669;5.5033;2.715;0;0.080608;0;0;0;0.73247;0;0;2.082;0;0;0;0;0;0;0.032976;0.16488;0;0;;0.42939;0;0;0;;0;0;18.8659;0;0;0.03664;0;2.3693;29.7663;0;0;0;0;0;0;0;0;0;0;0;0;0;6.2654;0;0.92333;2.301;1.5059;0;20.5587;0.2345;22.0719;0;7.6761;0;8.9176;0;0;3.9168;0.80416;0;0.92971;0;;0;0;;1.5019;0.047632;0;0;0;0;0.043968;;0;0;;0;0;0;20.61;0;0;0;0.0916;0;0.10992;;0;0;;35.3466;0;0.20518;0;0;0.21251;0;0;;0;4.162;;0;0;0;0.72547;0;0.062288;10.9151;0;1.9236;0;0;1.8297;0;49.2442;218.0813;0;;0;0;0;0;0;0.88431;0;0;0;1.7871;0.23897;0;0;0;0.16488;0;;0;0;0;0;0;0;0.084272;0;1.7221;0.84249;0;;0;0;3.5797;0.010992;0;3.3;;0;51.1007;0.43968;23.1052;0;1059.2111;0;20.102;0;18.7853;0;;0;0;0;1619.5675;159.6782;1320.3642;458.8815;217.8284;0.81707;66.7531;3.5871;498.309;29.2497;1142.4462;2.9605;35.1231;27.1063;1806.352
1971;0.43968;0.24182;0.67418;;0.084272;;0;11.0213;1.0294;;4.1;6.5586;6.6906;0;0.97829;0.5768;0.007328;9.2571;10.8161;0;0;0;0;0.154;;0.24915;0;0.36274;0.56792;0;0;0;67.4689;0;0;0;0;2.4915;7.1741;3.0118;0;0.13923;0;0;0;0.84308;0.003664;0;2.4054;0;0;0;0;0;0;0.032976;0.16122;0;0;;0.48596;0;0;0;;0;0;22.3028;0;0;0.17954;0;2.6814;40.1831;0;0;0;0;0;0;0;0;0;0;0;0;0;6.9946;0;1.0845;2.7114;1.777;0;18.0269;0.21618;25.0544;0;8.0938;0;10.0923;0;0;4.0487;0.91009;0;1.0522;0;;0;0;;1.6998;0.062288;0;0;0;0;0.16488;0;0;0;;0;0;0;20.086;0;0;0;0.098928;0;0.12824;;0;0;;45.7634;0;0.26381;0;0;0.35174;0;0;;0;4.3659;;0;0;0;0.72181;0;0.069616;11.3218;0;1.9309;0;0;2.0707;0;52.5857;246.8089;0;;0;0;0;0.003664;0;1.0179;0;0;0;2.0647;0.27506;0;0;0;0.81707;0;;0;0;0;0;0;0;0.20152;0;2.0299;0.95347;0;;0;0;3.4881;0.003664;0;3.7347;;0;57.8322;1.1065;37.2262;0;1096.9283;0;22.75;0;19.5694;0;;0;0;0;1750.7775;171.1554;1412.1814;509.7514;269.08;1.6928;75.9739;3.4991;586.6642;28.0882;1184.4833;4.3638;37.1676;19.9871;1941.92
1972;0.30045;0.27846;3.1364;;0.10992;;0;12.4686;1.0828;;5.8441;7.0825;7.0376;0;2.1691;0.71448;0.003664;9.7372;13.5971;0;0;0;0;0.19023;0;0.2748;0;0.73646;0.38106;0;0;0;76.486;0;0;0;0;2.5538;9.2809;3.5358;0;0.16122;0;0;0;1.0414;0.014656;0;2.638;0;0;0;0;0;0;0.040304;0.13557;0;0;;0.51116;0;0;0;;0;0;26.4358;0;0;0.19786;0;2.8205;52.6517;0;0;0;0;0;0;0;0;0;0;0;0;0;7.6504;0;1.2055;1.9969;1.7954;0;17.4663;0.21618;28.9493;0;7.9839;0;10.6157;0;0;4.7852;0.95729;0;1.1068;0;;0;0;;1.7879;0.26747;0;0;0;0;0.22717;0;0;0;;0;0;0;21.5553;0;0;0;0.10626;0;0.19786;;0;0;;59.1516;0;0.42136;0;0;0.52395;0;0;;0;5.4081;;0;0;0;0.70349;0;0.098928;11.7321;0;2.1178;0;0;2.1781;0;54.5423;259.6101;0;;0;0;0;0.54227;0;1.2573;0;0;0;2.2644;0.33975;0;0;0;1.6268;0;;0;0;0;0;0;0;0.25648;0;2.3413;1.0029;0;;0;0;3.6127;0.043968;0;3.9284;;0;60.8318;1.308;52.659;0;1115.6733;0;23.9299;0;19.7819;0;;0;0;0;1853.5235;186.8848;1498.5476;541.8608;326.4166;4.4151;81.7681;3.631;660.7561;30.4002;1213.7147;6.2654;39.4576;11.4317;2051.84
1973;0.33342;0.3664;3.1474;;0.12458;;0;14.187;1.1448;;6.4853;7.6211;7.4408;0;3.0741;1.1432;0.007328;10.2951;16.3817;0;0;0;0;0.20427;0;0.37739;0;0.86104;0.38472;0;0;0;81.8684;0;0;0;0;2.2644;11.4683;3.686;0;0.029312;0;0;0;1.1183;0.029312;0;2.8589;0;0;0;0;0;0;0.065952;0.16854;0;0;;0.54045;0;0;0;;0;0;31.1037;0;0;0.90867;0;2.9821;67.751;0;0;0;0;0;0;0;0;0;0;0;0;0;9.0428;0;1.1688;3.1437;2.323;0;19.1884;0.095264;32.6975;0;10.5816;0;11.224;0;0;5.3568;1.0121;0;1.1702;0;;0;0;;1.8904;0.50197;0;0;0;0;0.22717;0;0;0;;0;0;0;24.0212;0;0;0;0.13557;0;0.19419;;0;0;;65.2595;0;0.50563;0;0;0.58258;0;0;;0;6.1738;;0;0;0;0.69616;0;0.11725;12.311;0;3.0338;0;0;2.3029;0;57.5504;274.4849;0;;0;0;0;0.94531;0;1.3501;0;0;0;2.4539;0.36484;0;0;0;2.1581;0;;0;0;0;0;0;0;0.34808;0;2.704;1.0604;0;;0;0;3.4771;0.26381;0;4.1535;;0;64.3172;1.6305;56.9935;0;1103.4796;0;25.301;0;23.6181;0;;0;0;0;1912.2248;209.8101;1537.6895;584.3454;370.1541;5.3604;92.3182;3.5138;723.8231;35.6471;1209.3692;6.9909;45.0122;32.3971;2154.432
1974;0.39938;0.42869;2.4512;;0.1319;;0;14.9235;1.2139;;7.7091;8.2733;7.8894;0;3.7922;1.3813;0.003664;10.9158;19.1517;0;0;0;0;0.2225;0;0.6925;0;1.3667;0.83906;0;0;0;83.5172;0;0;0;0;2.257;14.4398;3.5687;0;0.032976;0;0;0;1.2181;0.03664;0;3.5036;0;0;0;0;0;0;0.065952;0.080608;0;0;;0.57303;0;0;0;;0;0.86837;32.3495;0;0;1.0516;0;3.1619;84.4955;0;0;0;0;0;0;0;0;0;0;0;0;0;9.5704;0;1.3593;3.272;1.5535;0;24.1751;0.11358;37.065;0;14.1614;0;11.9007;0;0;5.7085;1.0732;0;1.2407;0;;0;0;;2.0043;0.67051;0;0;0;0;0.47632;0;0;0;;0;0;0;25.0911;0;0;0;0.12091;0;0.20152;;0;0;;70.052;0;0.57525;0;0;0.77677;0;0.025648;;0;7.0056;;0;0;0;0.72547;0;0.28579;12.6555;0;2.4952;0;0;2.4418;0;64.0467;291.033;0;;0;0;0;1.0369;0;1.4706;0;0;0;3.0074;0.3974;0;0;0;2.0702;0;;0;0;0;0;0;0;0.73646;0;2.8396;1.1243;0;;0;0;3.1804;0.46533;0;4.4039;;0;68.1948;1.7954;68.1614;0;1052.1689;0;26.8264;0;24.3033;0;;0;0;0;1940.3353;226.7302;1539.2202;627.8452;422.2136;5.1113;104.4965;3.2207;797.6829;40.6704;1160.7772;8.2843;46.8223;20.3425;2187.408
1975;0.47632;0.55326;4.4591;;0.12458;;0;15.7222;1.325;;8.3686;8.1084;8.6118;0;3.9901;0.96363;0.003664;11.9152;18.6534;0;0;0;0;0.22472;0;0.78043;0;1.5169;2.224;0;0;0;85.9135;0;0;0;0;2.257;16.9716;3.598;0;0.032976;0;0;0;1.2302;0.032976;0;3.8979;0;0;0;0;0;0;0.07328;0.087936;0;0;;0.6255;0;0;0;;0;1.418;36.0501;0;0;0.31144;0;3.4514;88.8117;0;0;0;0;0;0;0;0;0;0;0;0;0;11.0323;0;1.7331;5.1076;2.4952;0;22.889;0.10626;42.1726;0;17.1548;0;12.9903;0;0;6.0822;1.1714;0;1.3543;0;;0;0;;2.1879;0.7841;0;0;0;0;0.57525;0;0;0;;0;0;0;25.7176;0;0;0;0.14656;0;0.35174;;0;0;;71.8987;0;0.60456;0;0;0.7731;0;0.39205;;0;7.5991;;0;0;0;0.93798;0;0.24915;14.5388;0;4.2392;0;0;2.6654;0;69.9494;317.6796;0;;0;0;0;1.0552;0;1.4853;0;0;0;3.3458;0.40136;0;0;0;2.5392;0;;0;0;0;0;0;0;1.1835;0;2.8176;1.2273;0;;0;0;2.9019;0.48731;0;4.8071;;0;74.4386;1.5206;71.382;0;978.1304;0;29.2826;0;23.6291;0;;0;0;0;1936.4713;242.5278;1495.4882;683.5109;452.6057;6.423;118.1346;2.9385;863.1432;42.3778;1089.7615;8.9731;47.2473;34.0569;2213.056
1976;0.30045;0.67051;6.0639;;0.10992;;0;16.466;1.4577;;9.2589;9.2626;9.4745;0;4.1806;1.4106;0.007328;13.1089;19.9138;0;0;0;0;0.23729;0;0.916;0;1.0223;3.8912;0;0;0;98.928;0;0;0;0;1.5975;19.3679;3.7006;0;0.014656;0;0;0;1.299;0.040304;0;4.4125;0;0;0;0;0;0;0.07328;0.72914;0;0;;0.68816;0;0;0;;0;1.5242;38.7431;0;0;0.095264;0;3.7972;93.6335;0;0;0;0;0;0;0;0;0;0;0;0;0;13.5165;0;2.2937;5.6426;3.4625;0;22.834;0.10259;51.0065;0;20.6833;0;14.2917;0;0;6.4193;1.2888;0;1.49;0;;0;0;;2.407;0.89768;0;0;0;0;0.6815;0;0;0;;0;0;0;25.1827;0;0;0;0.16488;0;0.48365;;0;0;;74.9581;0;1.6854;0;0;1.2128;0;0.56792;;0;7.9839;;0;0;0;1.0406;0;0.30411;16.2425;0;2.8323;0;0;2.9324;0;76.3248;349.5055;0;;0;0;0;1.1139;0;1.5683;0;0;0;3.7875;0.42381;0;0;0;3.3123;0;;0;0;0;0;0;0;1.2384;0.2235;3.3819;1.3502;0;;0;0;3.7629;0.49464;0;5.2887;;0;81.896;1.6854;74.0384;0;994.4572;0;32.2162;0;22.3028;0;;0;0;0;2049.9941;257.3842;1560.0634;747.315;491.7734;8.8852;132.4166;3.8106;943.4986;42.8541;1118.5679;10.9444;46.4009;0.94165;2308.32
1977;0.51296;0.69982;3.6054;;0.13557;;0;16.9057;1.564;;11.0506;9.4165;10.165;0;4.5397;1.5792;0.007328;14.0643;19.672;0;0;0;0;0.25996;0;1.1322;0;1.788;4.9647;0;0;0;101.9545;0;0;0;0;1.5059;23.2371;4.2026;0;0;0;0;0;1.4231;0.032976;0;5.562;0;0;0;0;0;0;0.095264;2.0958;0;0;;0.73832;0;0;0;;0;1.7184;40.3663;0;0;0.098928;0;4.0739;98.0486;0;0;0;0;0;0;0;0;0;0;0;0;0;14.1833;0;2.4805;6.6245;2.2644;0;20.4451;0.10259;50.0392;0;24.6844;0;15.3333;0;0;7.0239;1.3827;0;1.5986;0;;0;0;;2.5825;0.94531;0;0;0;0;0.62654;0;0;0;;0;0;0;26.5017;0;0;0;0.1319;0;0.44701;;0;0;;74.1007;0;2.7333;0;0;7.0715;0;1.0699;;0;8.8669;;0;0;0;0.9563;0;0.33709;16.6052;0;3.0851;0;0;3.1461;0;74.1044;374.9776;0;;0;0;0;1.1615;0;1.7181;0;0;0;4.7742;0.4643;0;0;0;3.0668;0;;0;0;0;0;0;0;1.4143;0.069616;3.5248;1.4486;0;;0;0;4.5324;0.53128;0;5.6742;;0;87.8646;1.1139;79.0105;0;962.8882;0;34.5641;0;25.1057;0;;0;0;0;2072.0224;278.5728;1552.6172;797.9781;503.385;13.6704;148.5776;4.5727;988.5997;39.8057;1091.3444;13.784;50.2408;31.0048;2381.6
1978;0.30045;0.67784;23.8563;;0.13557;;0;16.4257;1.6411;;13.8023;9.8012;10.6662;0;4.9867;1.6744;0.01832;14.7577;19.5035;0;0;0;0;0.29002;0;1.4839;0;3.6017;5.2945;0;0;0;104.5522;0;0;0;0;0.91234;26.2855;5.5693;0;0.003664;0;0;0;1.5877;0.021984;0;6.2422;0;0;0;0;0;0;0.095264;3.0778;0;0;;0.77472;0;0;0;;0;1.8686;43.9094;0;0;0.069616;0;4.2748;105.2704;0;0;0;0;0;0;0;0;0;0;0;0;0;15.4987;0;2.7407;7.8703;2.345;0.01832;18.833;0.10259;51.9519;0;34.5039;0;16.0892;0;0;7.9216;1.4509;0;1.6774;0;;0;1.4949;;2.7098;1.0406;0;0;0;0;0.10626;0;0;0;;0;0;0;33.5036;0;0;0;0.16122;0;0.52395;;0;0;;78.0432;0;2.6894;0;0;4.9757;0;1.6451;;0.75478;9.0831;;0;0;0;0.99661;0;0.64486;16.3927;0;2.8323;0;0;3.3012;0;76.5813;393.4643;0;;0;0;0;1.1615;0;1.9168;0;0;0;5.3581;0.51799;0;0;0;3.0888;0;;0;0;0;0;0;0;1.5535;0.065952;3.4991;1.52;0;;0;0;5.6023;0.65952;0.040304;5.9539;;0;92.1964;1.2787;81.524;0;980.2336;0;36.2681;0;25.9558;0;;0;0;0;2153.2955;320.4797;1614.3431;859.4322;528.6548;34.4343;168.0535;5.6426;1038.4577;40.3223;1118.2894;16.4917;52.0838;17.7448;2491.52
1979;0.38472;0.70715;8.1671;;0.13557;;0;18.0159;1.7475;;15.2862;9.7609;11.3578;0;5.3934;1.9163;0.021984;15.7145;21.3135;0;0;0;0;0.34595;0;1.6305;0;3.4735;5.6645;0;0;0;112.5727;0;0;0;0;1.418;27.7768;5.9723;0;0.003664;0;0;0;1.8939;0.032976;0;6.8218;0;0;0;0;0;0;0.084272;5.529;0;0;;0.82495;0;0;0;;0;1.8796;48.4674;0;0;0.05496;0;4.5519;114.7198;0;0;0;0;0;0;0;0;0;0;0;0;0;16.6089;0;3.0301;7.383;3.3636;1.0552;24.0505;0.1319;50.8783;0;40.8902;0;17.1324;0;0;6.5915;1.5449;0;1.7862;0;;0;2.3376;;2.8855;1.0809;0;0;0;0;0.11725;0;0;0;;0;0;0;40.8829;0;0;0;0.1429;0;0.53861;;0;0;;84.5028;0;2.0079;0;0;2.5208;0;1.1652;;1.2714;9.7426;;0;0;0;0.92333;0;0.67784;17.8986;0;8.3722;0;0;3.5152;0;73.9835;418.9756;0.003664;;0;0;0;1.2311;0;2.2865;0;0;0;5.8556;0.61789;0;0;0;3.5064;0;;0;0;0;0;0;0;1.7367;0.069616;3.3892;1.6186;0;;0;0;6.3204;0.76211;0.003664;6.3399;;0;98.1743;7.1704;89.1928;0;1015.0123;0;38.6197;0;30.0375;0;;0;0;0;2267.0202;346.5586;1706.0932;907.4856;561.1991;19.6574;181.5549;6.3754;1103.8202;57.6494;1168.4679;17.2941;58.7596;28.1652;2641.744
1980;0.18686;0.7731;25.4795;;0.14656;;0;19.5658;1.8242;;17.6715;9.2846;11.8563;0;5.5949;2.2167;0.025648;16.4043;20.3902;0;0;0;0;0.43762;0;1.8833;0;2.9019;7.2474;0;0;0;112.0415;0;0;0;0;1.4326;27.3188;6.9066;0;0.003664;0;0;0;2.3957;0.032976;0;8.6397;0;0;0;0;0;0;0.07328;3.0778;0;0;;0.86116;0;0;0;;0;1.766;49.0976;0;0;0.029312;0;4.7517;115.4526;0;0;0;0;0;0;0;0;0;0;0;0;0;17.9023;0;2.4879;12.1645;2.4622;1.6854;13.282;0.2748;52.2413;0;47.9324;0;17.8844;0;0;13.9452;1.6127;0;1.8646;0;;0;2.3193;;3.0121;0.97096;0;0;0;0;0.13923;0;0;0;;0;0;0;43.7921;0;0;0;0.12824;0;0.65219;;0;0;;79.1204;0;1.821;0;0;2.5428;0;1.7697;;1.6122;11.5343;;0;0;0;1.0259;0;0.66685;17.8583;0;8.636;0;0;3.6695;0;76.8268;437.3665;0.003664;;0;0;0;21.9437;0;2.8923;0;0;0;7.416;0.7816;0;0;0;3.9864;0;;0;0;0;0;0;0;1.9822;0.0916;3.4478;1.6896;0;;0;0;7.2034;0.90134;0.043968;6.6182;;0;102.4836;8.7753;88.4233;0;1001.2393;0;40.3149;0;32.9027;0;;0;0;0;2291.5322;400.5844;1705.8791;986.2376;567.2245;34.6321;197.5347;7.262;1135.0034;76.6619;1157.0729;19.4925;64.4571;8.2513;2700.368
1981;0.30411;0.80608;11.1642;;0.17221;;0;20.4854;1.9588;;20.3608;8.8192;12.7309;0;5.6462;2.4402;0.014656;17.6144;18.8073;0;0;0;0;0.49725;0;1.6854;0;1.1835;7.8923;0;0;0;110.0263;0;0;0;0;1.6415;24.3876;7.383;0;0;0;0;0;2.7221;0.025648;0;7.5336;0;0;0;0;0;0;0.1319;3.6603;0;0;;0.92468;0;0;0;;0;1.4033;50.0905;0;0;0.13557;0;5.1023;110.0006;0;0;0;0;0;0;0.029312;0;0;0;0;0;0;18.3273;0;2.8836;13.3992;0.65586;2.5685;12.1425;0.27846;50.4496;0;48.592;0;19.2037;0;0;11.5196;1.7317;0;2.0021;0;;0;3.3562;;3.2343;0.74379;0;0;0;0;0.15389;0;0;0;;0;0;0;47.3096;0;0;0;0.1832;0;0.80974;;0;0;;81.491;0;2.1618;0;0;9.8378;0;1.429;;1.1871;13.3956;;0;0;0;1.2055;0;0.67418;17.4626;0;9.5447;0;0;3.9402;0;80.7399;469.6298;0.003664;0;0;0;0;42.649;0;3.2865;0;0;0;6.4666;0.88811;0;0;0;4.4078;0;0;0;0;0;0;0;0;2.1398;0.0916;2.9459;1.8143;0.56059;;0;0;6.5952;0.88669;0.029312;7.1064;;0;110.0435;11.1496;89.6068;0;969.9194;0;43.2888;0;31.624;0.01832;;0;0;0;2300.8845;424.6626;1673.8792;1051.6678;566.5821;29.3999;204.011;6.6648;1175.9686;94.8939;1127.2552;22.5226;64.8308;40.773;2766.32
1982;0.39571;0.8647;7.1704;;0.17221;;0;23.2481;2.0743;;22.5299;8.5444;13.4821;0;6.2105;3.1657;0.01832;18.6537;15.5244;0;0;0;0;0.53224;0;2.3816;0;1.1761;8.7496;0;0;0;110.3267;0;0;0;0;1.6964;22.9;7.7237;0;0.003664;0;0;0;2.9137;0.01832;0;8.0462;0;0;0;0;0;0;0.17221;4.0817;0;0;;0.97924;0;0;0;;0;1.3227;48.2988;0;0;0.21984;0;5.4033;102.0168;0;0;0.21618;0;0;0;0.058624;0;0;0;0;0;0;19.1004;0;4.3602;15.517;0.66685;3.7922;12.6261;0.13557;52.8019;0;49.7461;0;20.3368;0;0;8.8009;1.8339;0;2.1202;0;;0;1.3887;;3.4252;0.62288;0;0;0;0;0.16854;0;0;0;;0;0;0;51.8419;0;0;0;0.15022;0;0.94531;;0;0;;62.6837;0;3.8619;0;0;9.8378;0;0.8647;;1.5682;13.8426;;0;0;0;1.2971;0;0.66685;17.7081;0;8.8522;0;0;4.1727;0;81.0807;497.3402;0.003664;0;0;0;0;17.1805;0;3.5177;0;0;0;6.9066;0.9506;0;0;0;4.7888;0;0;0;0;0;0;0;0;2.2607;0.095264;2.5172;1.9213;2.4476;;0;0;7.2547;0.9563;0.07328;7.5258;;0;116.5366;11.6772;93.3148;0;902.7583;0;45.8431;0;32.9504;0.040304;;0;0;0;2252.1334;414.8373;1593.7143;1073.2563;545.9082;23.9845;215.643;7.35;1190.6515;67.8866;1064.9269;26.3918;70.1363;37.0614;2704.032
1983;0.61555;0.97462;16.6089;;0.19786;;0;26.2636;2.2292;;22.7901;8.6837;14.4883;0;6.5586;3.5211;0.021984;20.0459;16.2938;0;0;0;0;0.55614;0;3.3782;0;1.3117;9.2003;0;0;0;114.031;0;0;0;0;1.8027;23.4386;8.4712;0;0.003664;0;0;0;3.0445;0.014656;0;8.0147;0;0;0.029312;0;0;0;0.20152;4.1989;0;0;;1.0523;0;0;0;;0;1.2824;53.106;0;0;0.17954;0;5.8066;106.0215;0;0;0.15755;0;0;0;0.062288;0;0;0;0;0;0;18.5911;0;5.2432;13.6484;0.65586;4.0634;16.0337;0.11358;51.5122;0;53.3478;0;21.8546;0;0;9.6656;1.9708;0;2.2785;0;;0;3.73;;3.6808;0.59357;0;0;0;0;0.74013;0;0;0;;0;0;0;51.9006;0;0;0;0.16122;0;0.98928;;0;0;;66.6958;0;4.1916;0;0;4.4115;0;0.31877;;2.0225;14.5754;;0;0;0;0.94531;0;0.60456;18.309;0;8.288;0;0;4.4841;0;80.6776;534.4586;0.003664;0;0;0;0;8.4089;0;3.6757;0;0;0;6.8795;0.99329;0;0;0;5.038;0;0;0;0;0;0;0;0;2.4842;0.14656;2.6088;2.0647;2.9459;;0;0;7.7237;0.93432;0.014656;8.0874;;0;125.2342;10.6806;97.1693;0;857.5262;0;49.2645;0;34.2328;0.13557;;0;0;0;2277.7507;433.9171;1573.0076;1138.6602;563.3681;30.4295;228.8875;7.8226;1255.6004;62.5884;1023.4578;26.9817;75.8998;-3.9718;2707.696
1984;0.93066;1.0442;30.5101;;0.21984;;0;27.3005;2.4159;;24.0505;9.7206;15.7023;0;6.8077;4.4664;0.03664;21.7256;16.8141;0;0;0;0;0.65322;0;4.1696;0;1.0955;9.2919;0;0;0;121.2308;0;0;0;0;1.81;24.2264;8.5188;0;0.003664;0;0;0;3.576;0.007328;0;8.9255;0;0;0.21618;0;0;0;0.19419;5.3494;0;0;;1.1405;0;0;0;;0;1.4619;53.63;0;0;0.076944;0;6.2931;108.5313;0;0;0.17221;0;0;0;0.032976;0;0;0;0;0;0;19.1481;0;6.1702;24.3876;0.92333;4.3089;25.1387;0.087936;60.9287;0;71.6972;0;23.6858;0;0;10.4607;2.1359;0;2.4694;0;;0;5.6169;;3.9892;0.63754;0;0;0;0;1.6451;0;0;0;;0;0;0;52.4465;0;0;0;0.16122;0;1.3264;;0;0;;70.5283;0;5.5949;0;0;3.9388;0;1.7441;;2.9532;14.601;;0;0;0;1.1615;0;0.46533;18.7633;0;7.8373;0;0;4.8599;0;68.7366;579.2405;0;0;0;0;0;34.9033;0;4.3173;0;0;0;7.6614;1.1667;0;0;0;4.7852;0;0;0;0;0;0;0;0;2.77;0.24915;2.6344;2.2377;4.4408;;0;0;7.7604;1.6928;0.07328;8.7651;;0;135.7275;14.7329;99.6095;0;886.2373;0;53.3923;0;37.6329;0.11725;;0;0;0;2404.5058;526.544;1655.8924;1275.1574;576.2131;47.5697;272.367;7.8373;1328.2953;104.1675;1059.9146;29.6454;81.2529;25.7982;2956.848
1985;1.1908;0.97096;27.6998;;0.21984;;0;28.81;2.6529;;30.1474;10.4021;17.2422;0;8.2403;5.0856;0.047632;23.8562;16.7701;0;0;0;0;0.66899;0;4.994;0;1.2348;8.9512;0;0;0;125.2245;0;0;0;0;1.8467;24.8199;7.35;0;0.007328;0;0;0;3.6623;0.010992;0;8.9531;0;0;1.2861;0;0;0;0.18686;6.881;0;0;;1.2524;0;0;0;;0;1.8613;55.8247;0;0;0.095264;0;6.9103;108.5313;0;0;0.16488;0;0;0;0;0;0;0;0;0;0;18.1808;0;7.1998;27.0733;1.5389;4.4554;27.3921;0.095264;62.5042;0;76.9806;0;26.0087;0;0;10.3948;2.3454;0;2.7116;0;;0;6.2984;;4.3804;0.6925;0;0;0;0;3.3855;0;0;0;;0;0;0;54.5826;0;0;0;0.16488;0;1.7917;;0;0;;74.0641;0;6.87;0;0;5.3751;0;4.0194;;3.675;15.4731;;0;0;0;1.1871;0;0.42136;17.8767;0;8.6104;0;0;5.3365;0;68.5315;636.0471;0;0;0;0;0;39.0876;0;4.4216;0;0;0;7.6851;1.1949;0;0;0;5.3824;0;0;0;0;0;0;0;0.15755;2.9019;0.29678;2.3779;2.4572;5.6792;;0;0;9.4275;2.1068;0.12458;9.6247;;0;149.0384;18.4079;107.9414;0;859.9774;0;58.6286;0;36.5777;0.07328;;0;0;0;2484.6247;568.6634;1667.9514;1385.3368;593.4179;48.8484;298.2354;9.4861;1420.6789;117.8636;1039.7846;37.0174;81.3738;6.1519;3059.44
1986;1.2018;1.0516;33.0859;;0.24549;;0;30.9645;2.5626;0;28.0919;9.2479;16.6557;0;9.3762;5.7342;0.051296;23.0448;13.4835;0;0;0;0;0.69807;0;5.987;0;0.94165;9.4348;0;0;0;115.7824;0;0;0;0;1.6854;26.3515;6.8956;0;0.003664;0;0;0;3.8215;0.010992;0;10.0001;0;0;2.1288;0;0;0;0.19053;8.0425;0;0;;1.2098;0;0;0;;0;2.2607;55.6781;0;0;0.17221;0;6.6753;100.5512;0;0;0.20518;0;0;0;0.021984;0;0;0;0;0;0;19.2873;0;10.3105;22.867;0.57525;3.1107;28.5426;0.065952;59.6316;0;81.2529;0;25.124;0;0;13.4542;2.2656;0;2.6193;0;;0;8.8486;;4.2314;0.6925;0;0;0;0;6.5329;0;0;0;;0;0;0;48.4381;0;0;0;0.17587;0;2.0812;;0;0;0;66.9779;0;8.2367;0;0;6.3314;0;3.5028;;4.4847;16.2315;;0.098928;0;0;1.341;0;0.46166;19.4925;0;10.7758;0;0.14656;5.155;0;70.3085;614.4129;0;0;0;0;0;48.3355;0;4.6137;0;0;0;8.5837;1.2468;0;0;0;5.0233;0;0;0;0;0;0;0;0.41403;2.9715;0.74746;2.1618;2.3736;5.4081;;0;0;7.4159;1.4509;0.84638;9.2973;;0;143.9691;22.1196;108.2675;0;816.7862;0;56.6344;0;41.0148;0.076944;;0;0;0;2392.9151;598.4551;1595.2999;1396.0703;577.9088;58.3565;302.887;7.5991;1377.3282;139.3236;981.0067;36.3286;88.5406;49.7498;3041.12
1987;0.39205;0.45067;40.1171;;0.29678;;0;36.6986;2.9536;0;28.9712;9.6327;19.1968;0;8.9878;5.9284;0.043968;26.5605;15.0957;0;0;0;0;0.78702;0;6.6392;0;2.0775;10.7832;0;0;0;119.1203;0;0;0;0;1.6525;26.6006;7.1851;0;0.003664;0;0;0;4.3085;0.043968;0;10.0987;0;0;2.704;0;0;0;0.095264;9.9844;0;0;;1.3943;0;0;0;;0;2.9935;52.6077;0;0;0.21984;0;7.6936;109.5463;0;0;0.2345;0;0;0;0.03664;0;0;0;0;0;0;19.1481;0;12.7764;27.011;1.9199;3.0814;30.6017;0.07328;66.1096;0;82.7075;0;28.957;0;0;14.4472;2.6112;0;3.0189;0;;0;7.9399;;4.877;0.7841;0;0;0;0;7.6761;0;0;0;;0;0;0;49.1196;0;0;0;0.1429;0;2.1434;;0;0;0;69.224;0;7.9142;0;0;6.7051;0;3.5174;;4.4774;16.7848;;0.098928;0;0;1.2604;0;0.60456;20.1227;0;9.0721;0;4.3345;5.9414;0;68.1467;708.1487;0;0;0;0;0;51.4059;0;5.2017;0;0;0;8.6683;1.4057;0;0;0;5.485;0;0;0;0;0;0;0;0.55326;3.184;0.73646;2.1911;2.7357;6.1885;;0;0;7.786;2.4622;1.3777;10.7157;;0;165.9332;25.124;107.5091;0;864.9861;0;65.2746;0;40.9708;0.076944;;0;0;0;2582.0155;661.5918;1673.3568;1570.2505;597.5328;67.8719;337.027;8.0095;1517.2574;148.2235;1033.226;36.8855;95.1064;24.6807;3268.288
1988;0.43968;0.35541;38.974;;0.30045;;0;42.2313;3.1555;0;29.6857;9.2296;20.5088;0;9.596;6.9982;0.051296;28.3758;14.9015;0;0;0;0;0.7954;0;6.8407;0;4.0634;12.2634;0;0;0;127.2031;0;0;0;0;2.2021;27.3115;7.5332;0;0.003664;0;0;0;4.3543;0.040304;0;10.1361;0;0;3.1694;0;0;0;0.19053;11.5233;0;0;;1.4896;0;0;0;;0;3.206;52.3696;0;0;0.33709;0;8.2195;107.6373;0;0;0.26381;0;0;0;0.025648;0;0;0;0;0;0;18.9502;0;15.2056;23.3727;2.8946;3.7226;38.3951;0.062288;70.4111;0;86.2066;0;30.9361;0;0;14.2933;2.7897;0;3.2253;0;;0;8.3429;;5.2103;0.81341;0;0;0;0;6.445;0;0;0;;0;0;0;49.6325;0;0;0;0.16122;0;2.1068;;0;0;0;62.735;0;8.68;0;0;7.2364;0;4.7156;;4.7266;18.2467;;0.10626;0;0;1.2018;0;0.59357;19.8919;0;9.5191;0;5.6096;6.3475;0;67.2967;756.5473;0;0;0;0;0;55.8137;0.014656;5.257;0;0;0;8.7005;1.4206;0;0;0;7.5075;0;0;0;0;0;0;0;0.71082;3.206;1.7367;2.5062;2.9227;10.3068;;0;0;7.1668;2.0592;2.3047;11.4481;;0;177.274;25.5601;105.864;0;906.7008;0;69.7358;0;42.7625;0.05496;;0;0;0;2695.6996;707.9476;1729.3394;1674.3078;595.4805;68.9528;358.5898;7.3903;1578.3545;164.902;1083.5364;38.3657;103.5556;22.1928;3425.84
1989;0.47998;0.44701;36.673;;0.31877;;0;44.6092;3.1697;0;30.3452;10.0504;20.6011;0;10.0027;7.4159;0.05496;28.5035;16.5576;0;0;0;0;0.8432;0;7.306;0;4.7192;11.0213;0;0;0;138.4223;0;0;0;0;3.2536;28.821;7.0642;0;0.003664;0;0;0;4.616;0.062288;0;11.3033;0;0;3.6127;0;0;0;0.36274;12.311;0;0;;1.4963;0;0;0;;0;4.2612;53.9964;0;0;0.17587;0;8.2565;121.9086;0;0;0.30778;0;0;0;0.01832;0;0;0;0;0;0;19.2946;0;18.5179;24.9555;2.4805;4.1989;42.5903;0.062288;84.3343;0;92.7248;0;31.0753;0;0;17.3527;2.8023;0;3.2398;0;;0;10.6916;;5.2338;0.92699;0;0;0;0;6.892;0;0;0;;0;0;0;88.1558;0;0;0;0.11725;0;2.1471;;0;0;0;76.8158;0;8.8962;0;0;7.9436;0;4.1293;;4.4554;20.9508;;0.10259;0;0;1.0772;0;0.8647;19.5291;0;11.5233;0;5.4227;6.3761;0;66.5749;759.9528;0;0;0;0;0;56.5795;0.014656;5.573;0;0;0;9.7024;1.506;0;0;0;10.1236;0;0;0;0;0;0;0;0.94898;3.4881;2.8469;2.5465;2.9359;10.2482;;0;0;9.5117;3.1547;5.474;11.4996;;0;178.0719;31.0597;104.7098;0;938.42;0;70.0498;0;39.0472;0.014656;;0;0;0;2800.7213;782.5864;1874.3793;1708.9284;646.2706;71.404;376.2463;9.7499;1633.6555;184.4274;1164.9981;39.2414;103.5849;14.7403;3598.048
1990;0.40304;0.46533;38.908;;1.0113;;0;43.2132;3.2623;0;33.3166;12.3146;21.2032;0;10.4534;7.5772;0.05496;30.1108;20.5942;0;0;0;0;0.77593;0;7.4196;0;4.591;12.7894;0;0;0;135.9282;0;0;0;0;2.6124;29.301;8.3722;0;0.003664;0;0;0;5.0131;0.069616;0.004484;13.7602;0;0;4.7002;0;0;0;0.5093;13.0145;0;0;;2.8199;0;0;0;;0;7.9546;63.8595;0;0;0.50563;0;8.4978;128.6224;0;0;0.83904;0;0;0;0.01832;0;0;0;0;0;0;21.0381;0.0072918;21.0973;44.0633;1.4766;4.3807;40.0145;0.065952;90.4103;0;118.6498;0;29.4216;0;0;13.9708;2.8842;0;5.4823;0;;0;9.2736;0.026314;10.6892;1.0631;0;0;0;0;6.837;0;0;0.00023007;0;0;0;0;52.9228;0;0;0;0.10992;0;1.7404;0;0;0;0;72.4682;0;7.2098;0;0;7.4782;0;6.1355;;4.2026;23.1162;;0.10992;0.15022;0;1.308;0;0.92699;21.8426;0.75127;8.8999;0;6.2361;6.5624;0;70.5436;816.6581;0;0;0;0;0;90.8159;0.010992;5.1284;0;0;0;12.871;1.7004;0;0;3.4442;11.8727;0;0;0;0;0;0;0;1.8861;4.9197;3.1327;3.9168;3.0217;11.1202;;0;0;9.9221;2.4988;8.02;11.8357;;0;243.3336;30.7007;110.9506;0;1031.5216;0;72.0971;0;42.3448;0.007328;;0;0;0;3108.9236;813.2446;2014.2452;1907.9229;711.2219;76.2588;431.0305;10.1749;1825.3453;211.7531;1220.3726;40.5264;106.7067;-170.2322;3751.936
1991;0.38838;0.2748;38.428;;1.0845;;0;47.2839;3.28;0;31.6737;12.9903;21.3186;0;9.9368;9.0574;0.043968;26.1185;21.5666;0;0;0;0;0.64829;0;7.2584;0;2.4659;10.8995;0;0;0;135.4815;0;0;0;0;2.1984;30.7776;8.6947;0;0.003664;0;0;0;4.417;0.069616;0.0039372;14.3492;0;0;5.301;0;0;0;0.6009;14.9052;0;0;;2.8323;0;0;0;;0;8.3134;71.0831;0;0;0.79142;0;8.544;136.0499;0;0;0.81763;0;0;0;0.014656;0;0;0;0;0;0;20.7957;0.0072969;23.5632;43.4953;3.5284;4.5117;49.6179;0.047632;95.6682;0;126.2654;0;27.6575;0;0;1.4363;2.8999;0;5.444;0;;0;9.2736;0.031724;11.0416;1.1;0;0;0;0;13.293;0;0;0.00027509;0;0;0;0;55.2678;0;0;0;0.07328;0;1.6415;0;0;0;0;80.6343;0;8.0081;0;0;9.1197;0;6.3547;;4.4591;23.9845;;0.11358;0.15022;0;1.1835;0;0.95997;20.5838;0.74896;14.3775;0;7.2144;6.5981;0;57.7989;781.2181;0;0;0;0;0;111.4955;0.007328;4.2848;0;0;0;12.1662;1.7318;0;0;3.4918;13.2743;0;0;0;0;0;0;0;2.177;5.3389;3.6567;5.6645;3.0381;13.8133;;0;0;11.505;1.876;9.6401;11.9001;;0;215.4732;36.7976;119.2986;0;1053.4943;0;72.4894;0;43.0776;0.003664;;0;0;0;3098.9419;866.8891;2086.9861;1878.8449;735.5992;79.0545;452.9059;11.7468;1781.9477;244.9935;1244.2435;39.6818;111.2574;-118.631;3847.2
1992;0.36274;0.19786;31.9318;;1.0662;;0;48.3025;3.4771;0;32.8793;13.0507;22.5996;0;9.9368;9.607;0.040304;34.2704;21.522;0;0;0;0;0.78776;0;7.797;0;2.803;9.6288;0;0;0;143.6666;0;0;0;0;2.6124;30.239;8.3649;0;0.10259;0;0;0;4.7045;0.040304;0.0041269;13.3994;0;0;5.5741;0;0;0;0.46533;16.1179;0;0;;1.6611;0;0;0;;0;8.6676;71.422;0;0;0.8244;0;9.0574;135.0954;0;0;0.39975;0;0;0;0.01832;0;0;0;0;0;0;18.234;0.0071241;27.2565;52.3732;4.3565;4.4639;52.648;0.047632;95.3196;0;128.1961;0.24549;25.7205;0;0;7.4489;3.0741;0;3.975;0;;0;9.215;0.035418;6.3618;1.1474;0;0;0;0;16.0044;0;0;0.00022974;0;0;0;0;55.6122;0;0;0;0.047632;0;1.6158;0;0;0;0;78.526;0;8.4588;0;0;9.5924;0;6.739;;6.2544;25.5161;0;0.11358;0.15022;0;1.2677;0;1.3007;19.7296;0.52333;22.0536;0;9.2882;6.9946;0;46.9685;797.7448;0;0;0;0;0;113.518;0.003664;5.2065;0;0;0.916;12.1493;1.4444;0;0;3.5174;14.2046;0;0;0;0;0;0;0;2.3559;5.5517;3.7812;6.1042;3.2207;14.8026;;0;0;11.3987;2.5831;10.4803;12.6152;;0;191.4118;34.0019;120.2152;0;1088.6554;0;76.8451;0;19.3386;0;;0;0;0;3114.0901;897.5577;2131.3001;1880.3476;710.7485;75.0021;481.8446;11.6112;1759.6955;264.7729;1287.9341;41.338;89.4492;-39.8718;3971.776
1993;0.35174;0.15755;36.0977;;1.0479;;0;40.806;1.5059;0;34.5653;13.4108;17.2831;0;12.5089;10.3911;0.051296;30.8461;22.5619;0;0;0;0;0.26747;0;8.5151;0;2.77;8.8996;0;0;0;147.828;0;0;0;0;2.4476;35.7277;8.6434;0;0.20152;0;0;0;5.0758;0.043968;0.0041401;14.5184;0;0;6.2789;0;0;0;0.53494;18.5105;0;0;;0.824;0;0;0;;0;9.2487;72.3259;0;0;1.6158;0;6.8956;143.0386;0;0;0.31614;0;0;0;0.01832;0;0;0;0;0;0;19.589;0.0074991;26.9964;57.6604;4.8951;5.1872;60.6905;0.047632;98.0169;0;130.5701;0.28946;23.8854;0;0;15.1836;2.3156;0;2.6;0;;0;8.8962;0.038129;3.4871;1.1907;0;0;0;0;22.028;0;0;0.00024059;0;0;0;0;53.8315;0;0;0;0.047632;0;1.9932;0;0;0;0;81.0749;0;8.2024;0;0;10.479;0;7.101;;7.5881;26.9487;0;0.11358;0.15389;0;1.3337;0;1.341;19.8593;0.46196;25.9118;0;11.842;5.2175;0;44.5989;803.6093;0;0;0;0;0;119.7212;0.025648;3.4075;0;0;2.726;11.6256;1.4405;0;0;3.9241;14.0048;0;0;0;0;0;0;0;2.4869;5.7515;3.7446;5.9174;2.7077;16.6895;;0;0;9.9478;2.4879;11.8579;17.9243;;0;169.5341;35.5994;135.2931;0;1117.293;0;81.5496;0;39.835;0;;0;0;0;3161.9159;964.9993;2204.0996;1922.8156;737.4201;83.334;506.8334;10.1749;1763.3577;298.0383;1318.9524;42.7677;103.4567;-34.2271;4092.688
1994;0.33709;0.098928;37.3875;;0.97096;;0;42.6783;1.6158;0;35.8767;14.1038;16.6712;0;12.2524;11.472;0.043968;27.6936;24.5276;0;0;0;0;0.32243;0;8.8339;0;2.6271;8.4778;0;0;0;151.6194;0;0;0;0;2.6308;41.5681;8.9768;0;0.20152;0;0;0;4.7494;0.03664;0.0044845;13.1879;0;0;6.996;0;0;0;0.48365;20.1593;0;0;0;1.1772;0;0;0;;0;10.2247;72.0677;0;0;1.5169;0;4.5727;148.7835;0;0;0.19889;0;0;0;0.01832;0;0;0;0;0;0;19.8459;0.0071653;29.0006;60.3094;6.0859;5.1205;73.2873;0.043968;94.6834;0;138.6774;0.47998;22.036;0;0;14.5827;1.7148;0;1.884;0;;0;9.1783;0.038702;4.0185;1.1988;0;0;0;0;22.3907;0;0;0.00024715;0;0;0;0;55.8833;0;0;0;0.043968;0;2.4915;0;0;0;0;78.0002;0;7.6478;0;0;10.2702;0;7.6857;;8.4162;28.5389;0;0.11358;0.16488;0;1.3923;0.010992;2.2204;21.6186;0.34533;25.9118;0;15.7112;5.0233;0;43.2322;753.8447;0;0;0;0;0;124.521;0.03664;1.5279;0;0;3.25;11.2241;1.4841;0;0;3.9241;15.0237;0;0;0;0;0;0;0;2.4332;5.6632;4.0597;7.9289;1.4876;18.767;;0;0;12.6188;3.4258;12.2643;24.3436;;0;151.6534;41.2676;144.8637;0;1143.1145;0;78.1531;0;50.0392;0;;0;0;0;3145.2994;1026.0923;2263.9344;1907.4574;749.4755;87.1153;533.8405;12.8313;1703.0347;323.173;1350.6172;43.5245;117.2553;-20.0798;4151.312
1995;0.32243;0.051296;47.2216;0;1.0479;;0;53.194;2.6161;0;38.5034;15.3917;13.3076;0;13.0438;13.0292;0.051296;25.0618;27.2198;0;0;0;0;0.28213;0;9.4788;0;2.7333;10.2892;0;0;0;159.2538;0;0;0;0;2.6161;42.4364;8.2953;0;0.20152;0;0;0.095264;4.236;0.032976;0.0039446;15.2569;0;0;8.0698;0;0;0;0.46533;26.0107;0;0;0;1.3552;0;0;0;;0;10.7635;73.3241;0;0;1.9236;0;1.6891;159.7829;0;0;0.18539;0;0;0;0.021984;0;0;0;0;0;0.05496;21.4811;0.0069904;39.0509;64.5743;6.0859;5.5102;81.5753;0.043968;104.2704;0;143.0812;0.43235;17.633;0;0;17.8107;1.7294;0;2.3052;0;;0;9.0647;0.042216;4.5841;1.3684;0;0;0;0;42.0078;0;0;0.0002512;0;0;0;0;57.0998;0;0;0;0.025648;0;2.7883;0;0;0;0;80.3541;0;7.0081;0;0;10.065;0;7.7973;;6.8773;28.1102;0;0.11725;0.19053;0;0.94531;0.014656;2.5428;22.5725;0.65834;25.9118;0;19.0491;5.8587;0;45.6034;722.6099;0;0;0;0;0;75.8961;0.0916;2.0482;0;0;3.3819;12.5152;1.4861;0;0;3.9241;18.9603;0;0;0;0;0;0;0;2.3858;6.1432;5.1186;8.3173;1.6744;19.4888;;0;0;12.9522;3.7519;15.6971;25.648;0;0;139.5818;44.873;153.2438;0;1191.6605;0;74.9325;0;57.1657;0.42502;;0;0;0;3218.8618;1060.2803;2384.1161;1895.026;803.1775;103.4237;568.2866;13.1757;1712.6611;293.366;1408.0141;45.5116;134.7033;-58.2141;4220.928
1996;0.30778;0.043968;50.5669;0;1.0479;;0;57.5431;2.0408;0;38.4142;16.4536;11.7358;0;13.4542;13.4982;0.05496;26.6727;30.2199;0;0;0;0;0.47266;0;10.6219;0;2.8249;10.4857;0;0;0;165.2084;0;0;0;0;2.682;44.47;10.2336;0;0.20152;0;0;0.85738;4.71;0.03664;0.003932;17.6187;0;0;9.4545;0;0;0;0.49464;27.7072;0;0;0;1.4856;0;0;0;;0;11.5052;80.7139;0;0;1.6891;0;1.4509;176.9806;0;0;0.19689;0;0;0;0.021984;0;0;0;0;0;3.1437;23.9509;0.0071023;39.7471;78.9922;6.2215;6.1611;81.2455;0.029312;107.6159;0;149.929;0.4177;15.6322;0;0;17.8547;2.0225;0;1.9871;0;;0;9.7572;0.048161;4.9424;1.4838;0;0;0;0;36.2516;0;0;0.00022177;0;0;0;0;61.2951;0;0;0;0.032976;0;3.0265;0;0;0;0;88.7848;0;8.0734;0;0;10.2006;0;8.3448;;6.3827;30.4039;0;0.11725;0.26747;0;1.0223;0.01832;3.217;22.6523;0.8087;26.2965;0;24.9775;6.7015;0;44.642;720.0817;0;0;0;0;0;79.2193;0.084272;5.1406;0;0;3.0155;13.2156;1.5916;0;;3.5321;21.234;0;0;0;0;0;0;0;2.5033;6.589;5.452;8.4455;2.1471;22.1049;;0;0;14.6377;3.9901;18.2333;20.7382;0;0;143.1669;54.2382;177.8121;0;1212.0742;0;77.6695;0;64.12;0.62654;;0;0;0;3331.1471;1129.4044;2508.3003;1952.2511;879.2143;109.6672;595.4877;14.8685;1796.4833;309.045;1438.5777;46.4876;149.9345;-63.7515;4396.8
1997;0.28213;0.03664;39.0069;0;1.0662;0;0;61.5039;2.6784;0;39.7485;15.8616;11.0616;0;14.4911;13.2637;0.043968;31.254;28.8868;0;0;0;0;0.28213;0;11.7908;0;2.9312;8.4329;0;0;0;164.2448;0;0;0;0;4.5287;44.1585;12.4539;0;0.25282;0;0;1.4033;4.9694;0.069616;0.0042356;18.0277;0;0;9.9534;0;0;0;0.45067;25.0618;0;0;0;1.4423;0;0;0;0;0;11.4166;80.0593;0;0;1.6085;0;1.7514;170.1822;0;0;0.419;0;0;0;0.021984;0;0;0;0;0;4.9134;23.0429;0.00704;46.0235;82.0406;5.8551;6.5734;90.9148;0.029312;111.5516;0;156.0189;0.46166;14.8141;0;0;17.7924;1.6635;0;2.424;0;;0;10.1896;0.046691;4.573;1.509;0;0;0;0;35.4419;0;0;0.00024405;0;0;0;0;59.507;0;0;0;0.065952;0;3.2683;0;0;0;0;83.2353;0;9.2694;0;0;10.6659;0;9.0796;0;7.4965;32.2176;0;0.11725;0.22717;0;0.78776;0.010992;2.6784;23.3429;0.98036;28.0956;0;30.5065;3.4661;0;37.0421;689.5019;0;0;0;0;0;82.4803;0.043968;5.104;0;0;2.9752;13.4269;1.53;0;;3.1547;27.6327;0;0;0;0;0;0;0;2.4572;6.4098;8.4565;9.7609;1.44;27.5753;;0;0;13.8096;4.2979;22.4264;21.1633;0;0;131.8693;53.1573;181.8261;0;1219.7097;0;77.9186;0;65.6662;1.1395;;0;0;0;3296.7041;1171.2787;2534.8428;1933.14;870.8029;96.8175;625.2459;14.0624;1747.8601;331.657;1443.4616;49.0179;159.8603;-85.8388;4382.144
1998;0.26381;0.032976;54.6412;0;1.0845;0;0;61.6138;2.792;0;41.6525;16.1706;10.6;0;15.2752;14.3226;0.069616;30.3961;31.9902;0;0;0;0;0.32243;0;12.3733;0;3.0484;7.0808;0;0;0;161.8097;0;0;0;0;6.4413;50.5009;13.0219;0;0.25282;0;0;1.6378;4.7966;0.23083;0.0040242;17.9877;0;0;10.7641;0;0;0;0.46166;26.2929;0;0;0;1.3717;0;0;0;0;0;12.0546;84.4962;0;0;0.23083;0;1.7441;173.3457;0;0;1.6311;0;0;0;0;0;0;0;0;0;4.6093;23.0942;0.0066539;47.5954;48.0277;5.5143;6.6813;98.6532;0.021984;120.2479;0;159.1328;0.46899;15.906;0;0;17.9792;1.9529;0;2.3766;0;;0;10.1896;0.051387;4.0135;1.5247;0;0.040304;0;0;35.9402;0;0;0.00022607;0;0;0;0;62.8046;0;0;0;0.065952;0;3.151;0;0;0;0;82.8773;0;8.0159;0;0;11.4427;0;8.5479;0;8.8412;32.3824;0;0;0.26381;0;1.0919;0.01832;2.9422;22.6743;2.3282;20.0201;0;28.5865;3.1181;0;33.5826;694.44;0;0;0;0;0;83.9019;0.040304;4.5837;0;0;3.2573;13.7585;1.5863;0;;2.6564;28.4094;0;0;0;0;0;0;0;2.4982;6.615;10.9407;12.1059;1.4729;28.6415;;0;0;16.2242;4.8072;23.2319;20.0348;0;0;138.4708;55.9053;189.727;0;1196.8398;0.003664;93.6921;0;80.2782;1.898;;0;0;0;3312.6517;1212.9591;2548.9258;1976.6849;897.0736;113.3422;621.9405;16.5246;1783.6989;340.7541;1421.4541;49.6683;178.228;-37.2107;4488.4
1999;0.24182;0.029312;50.9223;0;1.0479;0;0;67.6191;2.2753;0;44.0183;16.4407;11.6882;0;15.8285;15.616;0.0916;31.2386;34.165;0;0;0;0;0.32976;0;13.9122;0;1.6671;6.0657;0;0;0;175.7417;0;0;0;0;9.0318;54.5716;11.2008;0;0.2748;0;0;2.3926;4.8676;0.88302;0.0040811;18.0834;0;0;11.34;0;0;0;0.43235;31.624;0;0;0;1.3391;0;0;0;0;0;11.5984;86.0446;0;0;0.23083;0;1.5792;174.1352;0;0;2.8396;0;0;0;0;0;0;0;0;0;5.082;23.3163;0.0060401;42.3155;83.6528;5.943;7.1424;114.2875;0.01832;130.6266;0;167.9535;0.46533;10.6363;0;0;16.455;1.1505;0;2.2733;0;;0;7.9252;0.055229;4.0777;1.5773;0;0.076944;0;0;37.959;0;0;0.00020982;0;0;0;0;63.6583;0;0;0;0.076944;0;2.9788;0;0;0;0;80.7118;0;9.1379;0;0;12.0436;0;8.3788;0;9.7536;34.4746;0;0;0.2345;0;1.4803;0.014656;2.704;22.3133;6.3641;22.3834;0;34.808;2.6051;0;30.7565;709.5326;0.003664;0;0;0;0;82.4034;0.010992;3.3159;0;0;2.6527;13.9166;1.6266;0;;3.4735;32.4487;0;0;0;0;0;0;0;2.4551;6.8413;11.2008;12.0509;1.4656;30.9278;;0;0;18.2687;5.027;27.4119;24.5158;0;0;138.5979;56.9789;203.6331;0;1199.8749;0.040304;92.2229;0;77.7977;2.1581;;0;0;0;3390.2969;1289.8428;2628.9986;2051.141;930.1629;115.0533;674.8932;19.2433;1831.1705;363.1296;1439.275;53.1562;184.2186;-70.8276;4609.312
2000;0.2235;0.021984;39.7104;0;1.0845;0;0;69.4365;2.5648;0;44.9068;15.7191;11.4207;0;16.1436;16.88;0.07328;32.1456;34.5932;0;0;0;0;0.458;0;18.0086;0;3.0448;6.6574;0;0;0;186.2528;0;0;0;0;11.919;59.7965;12.4869;0;0.23816;0;0;2.4182;4.9192;1.1029;0.0043656;17.6976;0;0;11.293;0;0;0;0.47266;40.718;0;0;0;1.5376;0;0;0;0;0;11.2782;90.1082;0;0;0.2345;0;2.1801;175.2571;0;0;3.9718;0;0;0;0;0;0;0;0;0;4.5837;22.8774;0.0060144;43.8727;48.592;5.888;8.1743;120.4467;0.01832;135.7888;0;173.682;0.44334;16.9589;0;0;20.6869;1.3117;0;2.5159;0;;0;9.4971;0.05435;4.5863;1.7646;0;0.12458;0;0;49.6728;0;0;0.00019553;0;0;0;0;66.2048;0;0;0;0.087936;0;2.7407;0;0;0;0;81.4887;0;9.4561;0;0;13.4249;0;9.8249;0;11.0286;36.3689;0;0;0.24549;0;1.396;0.01832;2.5208;23.8834;5.7062;24.2887;0;38.9263;1.7514;0;31.5692;704.4505;0.003664;0;0;0;0;88.1815;0;3.5101;0;0;2.7077;14.0222;1.6569;0;0;3.1987;36.7515;0;0;0;0;0;0;0;2.3396;6.87;11.3144;12.5199;1.4363;35.4455;;0;0;18.8549;5.3348;32.2101;24.9482;0;0;134.3222;60.3314;208.6213;0;1253.735;0.062288;94.5935;0;53.3662;3.0631;;0;0;0;3478.3394;1314.9696;2738.543;2054.766;954.7832;115.9509;687.798;20.0311;1848.3229;390.9817;1506.1926;54.363;169.6688;-85.069;4708.24
2001;0.20885;0.014656;41.0295;0;0.98928;0;0;64.8088;2.6124;0;47.4142;16.6852;16.5759;0;11.9483;18.9026;0.062288;32.4144;34.3227;0;0;0;0;0.30045;0;22.8817;0;2.9056;6.0475;0;0;0;179.3556;0;0;0;0;13.5165;67.1575;13.26;0;0;0;0;2.6234;5.0964;1.1432;0.0049374;18.87;0;0;11.7941;0;0;0;0.47998;43.3598;0;0.48731;0;1.6558;0;0;0;0;0;13.2491;93.9669;0;0;0.18686;0;1.8576;182.3349;0;0;3.9139;0;0;0;0;0;0;0;0;0;4.6936;25.1429;0.0057701;43.5686;61.1632;5.1589;8.5775;127.6538;0.01832;136.1825;0;173.3592;0.47266;13.6344;0;0;20.2399;1.341;0;2.9205;0;;0;10.076;0.060082;4.6669;1.9768;0;0.16488;0;0;48.581;0;0;0.00022711;0;0;0;0;67.729;0;0;0;0.084272;0.003664;2.224;0;0;0;0;83.8337;0;10.3748;0;0;11.7468;0;11.0457;0;12.1315;37.8564;0;0;0.29678;0;1.0479;0.26014;2.4292;24.7125;6.3177;24.6074;0;42.8908;1.9199;0;30.3491;716.7883;0;0;0;0;0;81.2529;0;3.9608;0;0;4.089;14.7563;1.6974;0;0;4.155;39.2906;0;0;0;0;0;0.007328;0;2.6585;7.1185;10.3655;13.7656;1.407;45.4043;;0;0;20.6466;5.9137;34.8777;26.2819;0;0;129.1535;61.9289;207.7272;0;1202.0711;0.058624;96.5867;0;60.87;2.5648;0;0;0;0;3455.4933;1375.8626;2719.4433;2111.9126;978.7518;120.6555;730.189;21.8521;1881.6987;390.6558;1449.1557;57.789;179.3601;-24.1879;4807.168
2002;0.54594;0.025648;44.6532;0;1.1578;0;0;62.6178;2.0042;0;48.8019;16.7485;16.6199;0;12.5822;19.8882;0.05496;33.3731;34.7896;0;0;0;0;0.28213;0;28.3264;0;2.8506;5.3148;0;0;0;186.643;0;0;0;0;13.5055;72.9136;13.2454;0;0;0;0;2.6747;5.2657;1.1212;0.0054026;18.2306;0;0;11.8437;0;0;0;0.47632;52.9704;0;0.91234;0;1.3947;0;0;0;0;0;13.4364;93.1581;0;0;0.20885;0.003664;1.5535;181.9543;0;0;4.2323;0;0;0;0;0;0;0;0;0;4.5727;25.3452;0.005629;47.1337;59.7635;4.2979;8.6091;143.8157;0.014656;136.744;0;178.3565;0.42869;19.1781;0;0;18.1515;1.7001;0;2.9936;0;;0;10.4314;0.061521;4.7868;2.7303;0;0.17221;0;0;49.0243;0;0;0.00021807;0;0;0;0;75.9474;0;0;0;0.084272;0.003664;2.301;0;0;0;0;83.6862;0;9.8494;0;0;15.6086;0;11.3075;0;15.3119;44.7704;0;0;0.29678;0;1.1468;3.2646;2.7004;24.7328;7.4228;24.9921;0;48.537;1.9236;0;31.5904;727.5325;0;0;0;0;0;94.9379;0.007328;3.9828;0;0;6.6355;13.8347;1.6578;0;0;4.122;44.8591;0;0;0;0;0;0.007328;0;2.7285;7.0418;12.6115;15.9531;0.97829;48.548;0;0;0;21.6213;5.9137;37.6319;26.4687;0;0;127.1363;69.5281;206.1974;0;1240.9595;0.040304;101.7859;0;55.7111;4.1;0;0;0;0;3521.9827;1490.7307;2792.9376;2219.7758;984.2929;138.752;779.7442;22.7974;1897.1375;434.3038;1503.5498;58.6513;177.7773;-84.6334;4928.08
2003;0.46533;0.025648;44.0266;0;1.2164;0;0;69.0701;2.2277;0;48.572;18.404;17.0523;0;12.9742;21.3904;0.047632;34.7085;36.6177;0;0;0;0;0.37006;0;29.1874;0;2.9019;5.5339;0;0;0;188.0898;0;0;0;0;14.7366;60.7455;12.6811;0;0.032976;0;0;2.3486;5.2671;1.2641;0.007088;18.8095;0;0;11.9845;0;0;0.56792;0.93066;58.2136;0;0.92333;0;1.5409;0;0;0;0;0;14.87;96.9283;0;0;0.21618;0.003664;1.766;184.8409;0;0;4.7469;0;0;0;0;0;0;0;0;0;2.9202;27.6532;0.0054175;49.988;62.6617;2.9165;8.833;158.468;0.014656;150.0589;0;185.168;0.48731;23.5485;0;0;21.1523;1.4033;0;3.1061;0;;0;10.5633;0.065763;5.1593;2.643;0;0.15022;0;0;61.8813;0;0;0.00019799;0;0;0;0;81.7805;0;0;0;0.080608;0.003664;3.0558;0;0;0;0;84.3181;0;8.5219;0;0;13.8976;0;12.0695;0;16.8178;54.9124;0;0;0.2748;0;1.2677;4.9757;5.8148;27.1404;7.3628;26.7912;0;50.3617;2.0555;0;34.4828;757.9624;0;0;0;0;0;97.9021;0.021984;4.166;0;0;10.2629;13.4719;1.8213;0;0;2.4695;50.902;0;0;0;0;0;0.007328;0;2.6002;7.3769;12.7031;16.7042;1.0516;49.2222;0;0;0;22.8524;6.2435;45.5174;29.3743;0;0;139.3768;72.2138;206.8781;0;1207.5404;0.10992;96.7333;0;51.8236;5.2065;0;0;0;0;3580.7239;1572.932;2822.1805;2331.4754;1025.9822;140.2616;816.2553;24.732;1984.3149;467.9583;1477.4106;57.094;185.6292;-60.696;5092.96
2004;0.22717;0.032976;41.209;0;1.44;0;0;82.9127;2.4732;0;50.3358;18.7678;18.6241;0;13.4945;23.0905;0.047632;37.4983;36.662;0;0;0;0;0.58258;0;36.0684;0;3.2426;5.5656;0;0;0;184.841;0;0;0;0;16.0483;71.5213;13.348;0;0.03664;0;0;2.9862;5.5614;1.352;0.010699;18.873;0;0;11.9374;0;0;0.23816;1.1358;57.6237;0;1.2311;0;1.8249;0;0;0;0;0;13.9329;99.924;0;0;0.26747;0.003664;2.3816;182.8604;0;0;5.2308;0;0;0;0;0;0;0;0;0;4.2209;27.1574;0.0074649;49.5849;61.885;1.8686;8.7695;178.8985;2.2387;156.0585;0;184.6695;2.737;17.7144;0;0;22.7644;1.5316;0;3.087;0;;0;12.8643;0.069429;5.2216;3.0058;0;0.13557;0;0;59.2176;0;0;0.00019954;0;0;0;0;86.1516;0;0;0;0.098928;0.007328;5.1589;0;0;0;0;86.4577;0;7.2642;0;0;18.5582;0;12.4759;0;15.3705;60.7784;0;0;0.25282;0;1.9822;4.7595;4.4774;28.7018;9.1426;32.8368;0;57.8692;2.1031;0;32.4594;769.0763;0;0;0;0;0;119.2449;0.025648;5.2908;0;0;12.0985;13.2514;1.8415;0;0;6.3644;58.6248;0;0;0;0;0;0.007328;0;2.6321;7.6361;13.1684;21.6542;1.2274;50.0246;0;0;0;23.9955;6.5146;48.3904;30.8839;0;0;140.7164;77.0759;209.534;0.24549;1214.5668;0.19419;93.912;0;51.1018;8.7606;0;0;0;0;3618.7441;1705.3756;2867.6853;2456.4344;1047.0962;149.4765;847.7645;25.6333;2022.7211;528.0886;1485.5594;57.6001;207.2761;-66.2797;5257.84
2005;0.32976;0.021984;61.2108;0;1.2494;0;0;81.9673;3.0631;0;52.4656;19.5679;18.5325;0;14.2933;24.7247;0.051296;38.1728;37.3835;0;0;0;0;0.6925;0;38.2485;0;3.2829;6.3047;0;0;0;181.6638;0;0;0;0;15.5573;84.9572;14.0075;0;0.043968;0;0;3.3342;5.4236;1.4253;0.01396;18.5359;0;0;11.4953;0;0;0.47266;0.89402;68.6231;0;2.2167;0;1.8746;0;0;0;0;0;12.0528;103.695;0;0;0.27846;0.003664;2.792;183.5062;0;0;5.4242;0;0;0;0;0;0;0;0;0;4.2173;28.4771;0.005228;50.4386;54.4507;12.4393;8.3593;200.1607;3.0814;166.9364;0;183.7892;3.1657;26.7461;0;0;25.5271;1.4143;0;3.1592;0;0;0;11.0396;0.072434;5.5345;2.972;0;0.1429;0;0;64.0797;0;0;0.00022627;0;0;0;0;87.1372;0;0;0;0.86837;0.13923;5.4557;0;0;0;0;83.0865;0;7.5732;0;0;18.32;0;12.3569;0;18.8916;63.4971;0;0;0.29312;0;3.3452;6.3021;4.2649;29.731;9.6342;31.8145;0;62.6471;2.3633;0;31.3292;771.4321;0;0;0;0;0;127.2544;0.025648;4.4554;0;0;12.7471;13.1139;1.8687;0;0;6.3131;69.2513;0;0;0;0;0;0.007328;0;2.4432;7.8634;11.3144;19.6134;1.2274;54.0403;0;0;0;25.0654;6.7088;59.0521;32.6169;0;0;140.9448;78.2264;203.8633;0.67784;1197.3222;0.1832;91.087;0;52.0361;9.3945;0;0;0;0;3620.5123;1834.7507;2883.7869;2571.4762;1065.0377;181.0529;881.7397;27.0147;2043.5615;585.2208;1466.1233;60.0388;210.5115;-43.535;5411.728
2006;0.32976;0.021984;49.3138;0;1.3044;0;0;83.869;3.14;0;53.5475;18.3997;20.4671;0;15.5464;28.2568;0.051296;38.9802;37.2426;0;0;0;0;0.72914;0;40.0402;0;3.239;6.4656;0;0;0;180.6986;0;0;0;0;14.3336;103.7535;14.0331;0;0.043968;0;0;3.1327;5.3773;2.0812;0.012787;18.2174;0;0.007328;11.675;0;0;0.5899;0.76211;73.8333;0;2.7077;0;1.8978;0;0;0;0;0;13.9074;99.4904;0;0;0.28946;0.003664;3.642;189.4835;0;0;6.3038;0;0;0;0;0;0;0;0;0;4.4591;27.1652;0.0068027;49.442;57.4259;11.9593;9.3929;221.5401;4.3675;163.9058;0;202.476;4.5837;32.6205;0;0;26.2342;1.4766;0;3.2686;0;0;0;12.0509;0.073771;5.5458;3.1345;0;0.15389;0;0;69.5464;0;0;0.00018298;0;0;0;0;98.4553;0;0;0;1.0955;0.16122;6.1372;0;0;0;0;81.5055;0;7.5286;0;0;20.4121;0;12.3353;0;20.6247;63.7573;0;0;0.27846;0;3.8289;5.2102;7.1265;30.3097;9.1724;36.0867;0;65.6955;2.3596;0;32.0365;793.7268;0;0;0;0;0;135.0001;0.021984;4.558;0;0;13.7473;12.0914;1.8473;0;0;6.1262;74.1264;0;0;0;0;0;0.007328;0;2.5888;7.8089;11.6845;21.8558;1.2311;54.9417;0;0;0;41.4325;6.8956;66.4368;34.0166;0;0;136.9445;82.5609;193.1251;0.94531;1181.1065;0.21251;95.1614;0;56.7627;11.2118;0;0;0;0;3633.9297;1976.4148;2899.7795;2710.565;1057.6895;178.3452;953.519;44.1549;2055.3883;636.6248;1460.2604;61.0761;220.9758;-8.0885;5602.256
2007;0.30778;0.032976;51.0835;0;1.5938;0;0;87.1776;3.7593;0;58.1134;17.441;17.5799;0;16.6712;30.162;0.043968;39.3623;37.5815;0;0;0;0;0.76944;0;40.5458;0;5.9393;6.6097;0;0;0;192.1357;0;0;0;0;8.7643;129.4784;14.0331;0;0.040304;0;0;2.8872;6.1645;2.3376;0.013919;16.9467;0;0.014656;10.5618;0;0;1.0039;0.89035;81.1283;0;3.2097;0;1.8929;0;0;0;0;0;13.834;96.3542;0;0;0.31144;0.003664;3.2866;185.9761;0;0;7.8221;0;0;0;0;0;0;0;0;0;3.8509;25.4157;0.009813;52.6956;57.0778;12.0289;10.1994;236.5185;4.8438;165.42;0;219.6963;5.507;27.1746;0;0;25.5381;1.4693;0;3.1555;0;0;0;12.1059;0.07099;6.5297;2.9264;0;0.19419;0;0;65.439;0;0;0.00018473;0;0;0;0;106.1021;0;0;0;1.2421;0.19786;6.1665;0;0;0;0;79.0205;0;8.4231;0;0;20.1373;0;12.5836;0;21.7165;64.9517;0;0;0.26014;0;5.3458;7.0788;4.133;30.245;9.7566;41.4692;0.68517;71.3124;2.1764;0;28.4339;803.3074;0;0;0;0;0;131.7208;0.021984;4.602;0;0;14.722;11.162;1.8228;0;0;8.7533;75.6064;0;0;0;0;0;0.007328;0;2.7725;7.6252;11.4976;22.6105;1.2384;57.774;0;0;0;42.7882;8.0498;77.7784;39.8497;0;0;128.8717;95.667;195.2078;1.0186;1255.843;0.19419;96.3119;0;58.0744;12.4796;0;0;0;0;3735.5388;2085.0109;3021.1963;2799.3534;1048.8727;192.4846;1012.6725;46.1737;2048.4786;680.957;1554.0808;66.5365;219.1658;-93.7177;5726.832
2008;0.29678;0.014656;51.5598;0;1.2714;0;0;90.1197;4.122;0;59.55;18.5058;20.7382;0;17.8657;32.2359;0.051296;39.9379;37.6563;0;0;0;0;0.76211;0;48.5297;0;6.4926;6.4423;0;0;0;190.6472;0;0;0;0;4.8255;149.7513;15.0444;0;0.047632;0;0;3.0375;6.0115;2.2277;0.01195;16.7405;0;0.014656;10.6239;0;0;1.0479;0.77677;83.312;0;2.8579;0;1.8236;0;0;0;0;0;12.9876;98.4289;0;0;0.34808;0.003664;2.8543;192.1909;0;0;8.1309;0;0;0;0;0;0;0;0;0;4.5727;24.9196;0.0078189;63.0464;60.3131;15.2496;10.73;249.8958;7.0166;168.3395;0;216.323;6.2361;26.419;0;0;26.619;1.418;0;3.0832;0;0;0;12.5748;0.073154;5.8114;2.769;0.15755;0.2235;0;0;72.6315;0;0;0.00019187;0;0;0;0;112.1624;0;0;0;1.1139;0.19419;3.6493;0;0;0;0;82.7939;0;7.7366;0;0;20.8995;0;12.8351;0;23.761;65.7541;0;0;0.28946;0;7.4306;7.4489;4.9171;30.1066;10.516;41.5644;0.71082;72.811;2.0408;0;28.7948;804.1965;0;0;0;0;0;139.7266;0.021984;4.58;0;0;15.07;12.0089;1.8264;0;0;8.9438;82.6489;0;0;0;0;0;0.007328;0;2.5803;8.0908;11.2008;24.6294;1.0259;60.2911;0;0;0;41.0918;8.7643;74.0005;40.0732;0;0;122.7047;110.1508;200.2997;1.0516;1266.0802;0.19053;99.7451;0;55.8907;13.9012;0;0;0;0;3765.0155;2201.6371;3058.7138;2907.9387;1076.7825;196.7275;1066.0611;44.4187;2072.2496;723.287;1568.8898;67.2867;227.7323;-12.6525;5954
2009;0.27114;0.01832;54.905;0;1.2897;0;0;88.6285;3.1694;0;58.1388;18.2501;18.789;0;18.0672;35.0718;0.032976;33.092;38.1573;0;0;0;0;0.43602;0;39.1242;0;5.5986;4.877;0;0;0;183.1976;0;0;0;0;6.379;164.4147;17.1915;0;0.10626;0;0;2.7846;5.5393;2.2167;0.0084367;16.1681;0;0.014656;10.1811;0;0;1.0223;0.8757;81.7878;0;2.9715;0;1.2335;0;0;0;0;0;11.6534;95.0198;0;0;0.34075;0.003664;2.29;180.1796;0.010992;0;6.6572;0;0;0;0;0;0;0;0;0;5.1736;21.7472;0.0085364;91.1713;64.5414;16.7005;10.3402;262.0016;7.8226;155.0563;0;213.5355;7.0605;30.3485;0;0;22.4347;1.2604;0;2.8291;0.095264;0;0;12.5822;0.057847;4.9819;2.8463;0.17954;0.14656;0;0;65.4427;0;0;0.00026279;0;0;0;0;111.0558;0;0;0;1.2091;0.19053;5.4227;0;0;0;0;83.4181;0;7.3169;0;0;13.4908;0;13.4202;0;24.9299;66.9889;0;0;0.30045;0;9.3872;7.5039;5.3751;29.5558;9.9004;44.7301;0.5899;72.5728;1.876;0;23.6657;756.3632;0;0;0;0;0;140.4301;0.032976;3.1913;0;0;15.2312;10.7737;1.7334;0;0;7.0385;73.9503;0;0;0;0;0;0.007328;0;3.2956;7.8202;13.1684;25.8019;0.83173;71.6568;0;0;0;42.6343;9.1197;69.8823;34.4966;0;0;96.0373;112.4592;185.5198;1.2421;1245.4565;0.1319;87.4707;0;54.2748;15.3741;0;0.73646;0;0;3588.8827;2238.7099;2962.2439;2865.3486;1007.5388;189.7109;1104.9093;45.9063;1920.0063;740.5189;1539.71;65.4557;221.3752;-31.1445;5796.448
2010;0.27114;0.025648;53.3772;0;1.363;0;0;84.239;2.9532;0;61.114;19.9841;17.9683;0;18.5069;37.7465;0.029312;40.4939;42.1511;0.014656;0;0;0;0.458;0;52.659;0;6.1262;5.1874;0;0;0;188.3089;0;0;0;0;10.2262;196.6945;18.833;0;0.19419;0;0;3.0375;6.033;2.0592;0.012058;18.1026;0;0.014656;11.308;0;0;1.6525;0.97096;87.423;0;3.0301;0;1.323;0;0;0;0;0;13.6377;102.5796;0;0;0.3664;0.003664;2.1031;197.7537;0.80974;0;7.2251;0;0;0;0;0;0;0;0;0;6.478;23.2036;0.0072198;100.236;73.7307;14.8172;11.3533;277.2219;10.087;165.9629;0;225.992;5.2359;34.7137;0;0;28.1322;0.90867;0;3.4018;0.48365;0;0;13.1025;0.060883;5.6992;3.0321;0.29678;0.21984;0;0;60.8077;0;0;0.00028561;0;0;0;0;121.9269;0;0;0;1.3044;0.29312;4.1403;0;0;0;0;92.9618;0;7.9897;0;0;16.3891;0;13.8098;0;33.7088;66.6408;0;0;0.28946;0;12.5785;7.0679;5.9687;31.5164;10.6829;53.3955;0.59357;88.416;1.9822;0;25.0793;821.4472;0;0;0;0;0;152.2062;0.03664;4.2429;0;0;16.5063;11.2674;1.8477;0;0;8.7313;73.8523;0;0;0;0;0;0.007328;0;4.1671;8.6426;17.8583;29.6564;0.67784;80.9817;0;0;0;45.0416;10.8344;77.4948;39.6848;0;0;106.1642;115.7531;200.0374;1.4729;1304.5757;0.1319;86.2286;0;59.1223;18.0489;0;1.6781;0;0;3827.4626;2451.2262;3162.5406;3116.1483;1089.3629;202.3774;1205.3655;48.7972;2086.9173;806.5795;1614.8115;69.1038;244.7369;-57.2169;6221.472
2011;0.30778;0.029312;56.7334;0;1.4033;0;0;92.5856;3.7556;0;63.6887;19.1377;19.0235;0;18.309;38.0323;0.032976;37.5874;36.3225;0.014656;0;0;0;0.52029;0;50.4826;0;7.2877;5.9371;0;0;0;200.9981;0;0;0;0;10.4497;239.5267;17.3271;0;0.28213;0;0;2.9935;5.79;1.9566;0.0051222;16.5856;0;0.014656;9.8027;0;0;1.8833;0.85738;96.8432;0;3.8655;0;1.2191;0;0;0;0;0;12.0505;91.0025;0;0;0.31877;0.003664;3.3452;184.7468;1.5828;0;8.8459;0;0;0;0;0;0;0;0;0;5.1589;22.148;0.0080432;91.3692;79.5711;11.4573;9.9439;293.2702;9.3872;154.6801;0;260.1058;1.9969;39.0783;0;0;32.8588;0.63754;0;3.0052;0;0;0;10.1676;0.053888;6.1798;2.6483;0.1429;0.25282;0;0;64.7832;0;0;0.00037752;0;0;0;0;128.687;0;0;0;1.6488;0.29678;5.496;0;0;0;0;80.8796;0;7.3547;0;0;18.375;0;13.2021;0;42.2129;69.649;0;0;0.30411;0;14.7659;7.6284;6.1262;31.7986;10.7424;66.3001;0.54594;95.1724;1.9163;0;25.8806;844.5942;0;0;0;0;0;160.322;0.03664;4.3528;0;0;16.6822;10.8293;1.7229;0;0;8.6873;68.611;0;0;0;0;0;0.007328;0;3.6086;7.8494;15.059;34.0569;0.79875;77.1089;0;0;0;44.3014;10.512;94.7398;43.6932;0;0;106.0283;119.7432;166.2811;1.6195;1324.2771;0.14656;95.8869;0;59.4264;16.2792;0;1.7807;0;0;3818.5605;2611.8586;3159.5276;3270.8915;990.4053;215.9305;1314.8816;48.1889;2006.8004;867.4371;1653.9623;71.0435;252.1748;18.2209;6448.64
2012;0.3073;0.029178;63.2481;0;1.4795;0;0;95.3502;3.7385;0;65.2245;18.25;19.9647;0;18.9888;39.8924;0.039702;38.3532;36.64;0.017645;0;0;0;0.51791;0;59.8378;0;7.2764;5.5548;0;0;0;202.5296;0;0;0;0;9.4907;268.4651;19.2621;0;0.29745;0;0;3.1561;5.2362;2.3556;0.0049438;16.2726;0;0.015452;9.0808;0;0;2.2674;1.1249;102.6788;0;4.0755;0;1.2796;0;0;0;0;0;10.3206;94.7175;0;0;0.33608;0.003863;3.33;185.7154;1.6688;0;8.1294;0;0;0;0;0;0;0;0;0;4.7505;19.4926;0.0071238;85.0999;79.8493;11.8827;9.7131;291.6312;4.845;149.1471;0;268.4922;2.071;34.4973;0;0;35.5657;0.63463;0;2.8274;0;0;0;10.7198;0.054828;6.0396;2.68;0.14267;0.25166;0;0;66.0637;0;0;0.00031652;0;0;0;0;134.2216;0;0;0;1.7384;0.3129;5.4875;0;0;0;0;77.4591;0;7.5577;0;0;19.373;0;12.9871;0;43.7803;71.9598;0;0;0.30364;0;16.2718;7.243;7.3757;32.922;9.2332;71.1121;0.57559;103.1939;1.9075;0;24.9075;835.3577;0;0;0;0;0;172.6077;0.03863;4.333;0;0;17.9763;10.4419;1.6559;0;0;8.7119;65.7084;0;0;0;0;0;0.0088226;0;3.185;8.4975;15.6182;35.7463;0.79511;84.8891;0;0;0;42.251;11.083;90.145;48.8362;0;0;98.7169;124.201;157.9151;1.7074;1382.5883;0.17645;94.9692;0;63.2333;17.9589;0;1.8468;0;0;3846.5384;2717.5693;3209.7396;3354.3681;964.5302;231.2202;1371.8635;46.9314;1965.5438;884.2954;1719.3395;72.7822;272.1317;43.4968;6607.6044
2013;0.31613;0.026389;68.0063;0;1.3663;0;0;96.6305;3.3811;0;68.4086;17.1361;20.0533;0;20.2897;42.9504;0.0449;38.3871;36.4085;0.019956;0;0;0;0.4684;0;70.4852;0;7.4854;5.3662;0;0;0;209.8393;0;0;0;0;9.5116;303.3656;19.605;0;0.27468;0;0;2.9145;4.7357;2.6641;0.0044712;16.4278;0;0.014269;8.6883;0;0;2.5643;1.0241;100.3758;0;3.7635;0;1.1573;0;0;0;0;0;9.5974;96.0638;0;0;0.31035;0.0035673;3.0116;195.4006;1.5411;0;7.1731;0;0;0;0;0;0;0;0;0;4.4755;17.8765;0.0064428;73.9303;68.9642;12.6968;9.3485;287.7599;13.1723;139.4986;0;268.4772;2.2129;23.0144;0;0;35.8693;0.57396;0;2.5572;0;0;0;9.8992;0.049587;4.9239;2.4238;0.14677;0.22761;0;0;75.017;0;0;0.00028627;0;0;0;0;142.1917;0;0;0;1.6053;0.28895;5.6451;0;0;0;0;78.7567;0;8.0069;0;0;17.8899;0;13.1411;0;46.7795;70.2668;0;0;0.31236;0;15.7846;6.6369;8.3415;32.8832;8.7525;71.1032;0.53153;108.0015;1.7252;0;23.1369;829.786;0;0;0;0;0;173.8241;0.035673;3.9188;0;0;20.1609;11.5162;1.4976;0;0;8.4532;59.9781;0;0;0;0;0;0.0099778;0;3.1446;8.949;16.6881;35.8516;0.7191;86.5571;0;0;0;42.6306;10.2345;90.9139;42.4385;0;0;90.8339;126.4721;156.8271;1.5767;1414.6474;0.19956;94.264;0;62.0713;18.7191;0;1.9733;0;0;3863.4216;2763.636;3265.8233;3361.2344;951.2809;229.0852;1384.7359;47.9238;1938.8004;899.755;1766.6784;76.4155;283.6633;50.0283;6677.0859
2014;0.30927;0.025914;76.4121;0;1.3173;0;0;95.5671;3.3203;0;68.3299;15.6927;21.5283;0;20.2362;44.7114;0.044931;37.9848;31.9251;0.019969;0;0;0;0.45998;0;74.9525;0;7.3231;5.3306;0;0;0;210.5019;0;0;0;0;9.3002;329.455;21.4272;0;0.26483;0;0;2.81;4.6505;2.6659;0.0043908;14.5766;0;0.013758;7.3597;0;0;2.5661;1.0802;93.7205;0;3.6286;0;1.1365;0;0;0;0;0;8.2275;80.4044;0;0;0.29923;0.0034394;2.9575;168.1061;1.4858;0;5.49;0;0;0;0;0;0;0;0;0;4.302;16.1735;0.0063269;72.8206;72.5128;12.6633;8.9839;307.3668;14.3268;123.2604;0;266.0934;2.2071;28.5217;0;0;38.8138;0.56364;0;2.5112;0;0;0;9.5443;0.048695;4.6719;2.3802;0.14359;0.22351;0;0;76.3533;0;0;0.00028112;0;0;0;0;144.1373;0;0;0;1.5477;0.27859;5.5227;0;0;0;0;68.2633;0;8.6068;0;0;17.2486;0;13.8774;0;46.6563;69.143;0;0;0.30559;0;17.3238;6.9909;8.3472;32.2014;7.7544;77.7081;0.51247;98.2342;1.6942;0;21.5927;821.2987;0;0;0;0;0;188.0931;0.034394;3.8483;0;0;20.7144;7.987;1.4707;0;0;9.035;54.4262;0;0;0;0;0;0.0099847;0;2.7081;7.7936;16.6442;37.7108;0.70617;87.2931;0;0;0;41.7803;9.8676;96.8241;51.3969;0;0;76.5329;131.3254;142.4235;1.5202;1451.876;0.19969;98.1485;0;59.586;19.6003;0;1.9681;0;0;3764.6739;2868.216;3190.8592;3442.0307;839.7128;229.5443;1426.6821;47.0772;1803.5072;954.8333;1806.5152;76.9368;287.7939;67.9072;6700.7971
