;Afghanistan;Albania;Algeria;Andorra;Angola;Anguilla;Antigua and Barbuda;Argentina;Armenia;Aruba;Australia;Austria;Azerbaijan;Bahamas;Bahrain;Bangladesh;Barbados;Belarus;Belgium;Belize;Benin;Bermuda;Bhutan;Bosnia and Herzegovina;Botswana;Brazil;British Virgin Islands;Brunei Darussalam;Bulgaria;Burkina Faso;Burundi;Cambodia;Canada;Cape Verde;Cayman Islands;Central African Republic;Chad;Chile;China;Colombia;Comoros;Congo;Cook Islands;Costa Rica;Côte d'Ivoire;Croatia;Cuba;Cyprus;Czech Republic;North Korea;Democratic Republic of the Congo;Denmark;Djibouti;Dominica;Dominican Republic;Ecuador;Egypt;El Salvador;Equatorial Guinea;Eritrea;Estonia;Ethiopia;Faeroe Islands;Falkland Islands (Malvinas);Micronesia (Federated States of);Fiji;Finland;France;French Guiana;French Polynesia;Gabon;Gambia;Georgia;Germany;Ghana;Gibraltar;Greece;Greenland;Grenada;Guadeloupe;Guatemala;Guinea;Guinea-Bissau;Guyana;Haiti;Honduras;Hong Kong;Hungary;Iceland;India;Indonesia;Iraq;Ireland;Iran;Israel;Italy;Jamaica;Japan;Jordan;Kazakhstan;Kenya;Kiribati;Kuwait;Kyrgyzstan;Laos;Latvia;Lebanon;Lesotho;Liberia;Libya;Liechtenstein;Lithuania;Luxembourg;Macao;Macedonia (Republic of);Madagascar;Malawi;Malaysia;Maldives;Mali;Malta;Marshall Islands;Martinique;Mauritania;Mauritius;Mexico;Mongolia;Montenegro;Montserrat;Morocco;Mozambique;Myanmar;Namibia;Nauru;Nepal;Netherlands Antilles;Netherlands;New Caledonia;New Zealand;Nicaragua;Niger;Nigeria;Niue;Norway;Occupied Palestinian Territory;Oman;Pakistan;Palau;Panama;Papua New Guinea;Paraguay;Peru;Philippines;Bolivia;Poland;Portugal;Qatar;Cameroon;South Korea;Moldova;Réunion;Romania;Russian Federation;Rwanda;Saint Helena;Saint Lucia;Samoa;Sao Tome and Principe;Saudi Arabia;Senegal;Serbia;Seychelles;Sierra Leone;Singapore;Slovakia;Slovenia;Solomon Islands;Somalia;South Africa;Spain;Sri Lanka;Saint Kitts and Nevis;Saint Pierre and Miquelon;Saint Vincent and the Grenadines;Sudan;Suriname;Swaziland;Sweden;Switzerland;Syria;Taiwan;Tajikistan;Thailand;Timor-Leste;Togo;Tonga;Trinidad and Tobago;Tunisia;Turkey;Turkmenistan;Turks and Caicos Islands;Uganda;Ukraine;United Arab Emirates;United Kingdom;Tanzania;United States of America;Uruguay;Uzbekistan;Vanuatu;Venezuela;Viet Nam;Wallis and Futuna Islands;Yemen;Zambia;Zimbabwe;KP Annex B;Non KP Annex B;OECD;Non-OECD;EU28;Africa;Asia;Central America;Europe;Middle East;North America;Oceania;South America;Statistical Difference;World
1960;0.01832;0.03664;0.52762;;0.080608;;0;1.3154;0.08669;;1.3923;1.4106;0.17498;0;0;0.0048648;0;0.50248;2.1874;0;0;0;;0.033365;;2.2277;;0;0.79142;0;0;0;2.6161;0.003664;0;0;0;0.4177;6.7271;0.72914;0;0;;0;0;0.40038;0.19786;0.043968;1.7768;1.1395;0.098928;0.71814;0;0;0.084272;0.098928;1.0186;0.043968;0;;0.13164;0.014656;0;0;;0;0.62654;7.0642;0;0;0;0;0.10916;14.9161;0;0;0.81707;0;0;0;0.05496;0;0;0;0.025648;0.01832;0.07328;0.7841;0.03664;3.9095;0.19419;0.30778;0.37006;0.39571;0.40304;7.9802;0.10626;11.2302;0.080608;1.3967;0.17587;;0;0.2408;0;0.08669;0.42502;;0;0;;0.32749;0.10626;0;0.11678;0;0.020369;0.1429;;0;0;;0;0;0;1.5389;0;0;;0.28946;0.10992;0.021984;;;0;;0.89768;0;0.30778;0.014656;0;0.084272;;0.57525;;;0.57405;;0.05496;0;0.007328;0.30045;0.39571;0.01832;3.2866;0.59723;0;0;0.21618;0.15251;0;1.5206;13.4706;0;;0;0;0;0.043968;0.084272;0.4621;;0;0;0.74034;0.18184;0;0;1.3484;2.8579;0.043968;;0;0;0.058624;0;0;1.3996;1.5132;0.24182;0.5899;0.08669;0.26381;;0;0;0.087936;0.20152;1.0149;0.2408;;0.03664;4.3891;0;6.7271;0;28.396;0.20518;1.2875;;0.74013;0.20152;;0;0.10694;0.17314;122.6313;35.1222;105.2358;52.5177;58.7481;4.4334;29.3702;0.68883;80.0368;2.9129;32.551;1.7001;6.0603;-0.20152;157.552
1961;0.021984;0.058624;0.53494;;0.076944;;0;1.4473;0.096856;;1.4253;1.5352;0.1955;0;0;0.0052035;0;0.5614;2.3706;0;0;0;;0.032546;;2.3486;;0;0.87203;0;0;0;2.8066;0.003664;0;0;0;0.43968;3.9864;0.79509;0;0;;0;0;0.39055;0.43235;0.047632;1.8803;1.1285;0.069616;0.78776;0;0;0.11725;0.10992;1.0259;0.03664;0;;0.14708;0.014656;0;0;;0;0.67051;7.6651;0;0;0;0;0.12197;16.1546;0;0;0.916;0;0;0;0.062288;0;0;0;0.021984;0.021984;0.0916;0.79875;0.03664;4.1073;0.2235;0.46533;0.29678;0.37006;0.42136;8.9841;0.10626;12.2744;0.10992;1.5605;0.16488;0;0;0.26904;0;0.096856;0.43602;;0;0;;0.3659;0.11358;0;0.11391;0;0.014904;0.16488;;0;0;;0;0;0;1.5132;0;0;;0.3151;0.10626;0.01832;;;0;;0.94898;0;0.3261;0.01832;0;0.17954;;0.63387;;;0.61401;;0.05496;0;0.007328;0.29678;0.5093;0.021984;3.6677;0.61922;0;0;0.26014;0.17039;0;1.6488;15.0503;0;;0;0;0;0.051296;0.0916;0.45076;;0;0;0.78345;0.17738;0;0;1.2934;3.3013;0.040304;;0;0;0.040304;0;0;1.5169;1.7954;0.26747;0.75112;0.096856;0.40304;;0;0;0.047632;0.16488;1.0113;0.26904;;0.032976;4.9038;0;7.1631;0;28.7771;0.19419;1.4385;;0.75478;0.22717;;0;0.078248;0.12669;131.9019;34.3521;112.2193;54.0347;63.9201;4.3345;28.8755;0.91966;87.7277;3.1327;33.0969;1.7514;6.4157;-1.374;164.88
1962;0.029312;0.058624;0.43602;;0.084272;;0;1.4583;0.10916;;1.4619;1.5242;0.22035;0;0;0.0058501;0;0.63275;2.3853;0;0;0;;0.035002;;2.5282;0;0;0.94165;0;0;0;3.1107;0.003664;0;0;0;0.5093;3.9864;0.86837;0;0;;0;0;0.42003;0.38838;0.047632;2.0096;1.1835;0.098928;0.81341;0;0;0.12091;0.10626;1.1139;0.032976;0;;0.16577;0.021984;0;0;;0;0.67784;8.4125;0;0;0;0;0.13747;16.957;0;0;0.95997;0;0;0;0.058624;0;0;0;0.029312;0.029312;0.10626;0.8647;0.047632;4.2796;0.25282;0.44334;0.37739;0.37006;0.47632;10.0504;0.098928;14.3446;0.11725;1.7588;0.17221;0;0;0.30323;0;0.10916;0.42869;;0;0;;0.4124;0.11358;0;0.12251;0.007328;0.013662;0.16122;;0;0;;0;0;0;1.6708;0;0;0;0.34808;0.087936;0.025648;;;0;;1.0039;0;0.3151;0.021984;0;0.24182;;0.70349;;;0.69031;;0.062288;0;0.007328;0.34808;0.47998;0.025648;3.7593;0.69982;0;0;0.39205;0.19205;0;1.7367;16.9629;0;;0;0;0;0.0916;0.0916;0.48478;;0;0.062288;0.83733;0.19076;0;0;1.3264;3.6347;0.043968;;0;0;0.051296;0;;1.5316;1.8576;0.30411;0.93066;0.10916;0.47998;;0;0;0.080608;0.17954;1.1578;0.30323;;0.029312;5.5269;0;7.1008;0;29.9092;0.18686;1.6213;0;0.76578;0.23083;;0;0.071727;0.11613;141.9299;36.7597;120.0264;58.6632;67.7374;4.4957;32.2478;0.92333;94.3617;3.3892;34.6908;1.777;6.804;0.84638;179.536
1963;0.051296;0.065952;0.43968;;0.095264;;0;1.2641;0.11619;;1.5535;1.6488;0.23454;0;0;0.0062811;0;0.67349;2.345;0;0;0;;0.039608;;2.5831;0;0;1.0992;0;0;0;3.1694;0.003664;0;0;0;0.58258;4.983;0.916;0;0;;0;0;0.4753;0.40304;0.047632;1.8208;1.2604;0.12091;0.75845;0;0;0.11358;0.12824;1.2494;0.040304;0;;0.17644;0.01832;0;0;;0;0.71082;9.0354;0;0;0;0;0.14632;17.2758;0;0;1.1432;0;0;0;0.076944;0;0;0;0.025648;0.029312;0.10992;0.89768;0.047632;4.6606;0.16488;0.46899;0.39938;0.37006;0.5093;11.0067;0.098928;14.9235;0.1429;1.872;0.17221;0;0;0.32276;0;0.11619;0.44701;;0;0;;0.43895;0.10259;0;0.13863;0.021984;0.013166;0.17954;;0;0;;0;0;0;1.876;0;0;0;0.37739;0.084272;0.062288;;;0;;1.0369;0;0.35907;0.025648;0;0.26381;;0.71814;;;0.74117;;0.069616;0;0.007328;0.37739;0.47266;0.029312;3.8252;0.71448;0;0;0.38838;0.20441;0;2.1764;18.0551;0;;0;0;0;0.098928;0.095264;0.54857;0;0;0.095264;0.75866;0.21586;0;0;1.4363;3.8619;0.03664;;0;0;0.058624;0;;1.6451;1.7844;0.34075;1.1175;0.11619;0.49464;;0;0;0.080608;0.17954;1.3447;0.32276;;0.025648;5.8828;0;7.0056;0;31.3089;0.16854;1.7257;0;0.78776;0.24549;;0;0.069119;0.11191;148.4931;39.8878;124.95;63.4309;70.7383;4.8365;34.8499;0.96363;98.897;3.7226;36.3542;1.9126;6.8444;-1.5169;186.864
1964;0.062288;0.062288;0.39205;;0.10626;;0;1.4509;0.12366;;1.8064;1.8796;0.2496;0;0;0.0064659;0;0.71675;2.9129;0;0;0;;0.042269;;2.803;0;0;1.2861;0;0;0.003664;3.5761;0.007328;0;0;0;0.63021;5.2322;0.97829;0;0;;0.014656;0;0.50723;0.40304;0.03664;1.932;1.3007;0.11358;0.94531;0;0;0.15022;0.1429;1.2568;0.043968;0;;0.18777;0.021984;0;0;;0.014656;0.7841;10.7319;0;0;0;0;0.15572;19.6317;0;0;1.33;0;0;0;0.0916;0;0;0;0.029312;0.03664;0.10626;1.1248;0.05496;4.8292;0.21984;0.54594;0.48365;0.37006;0.54594;11.3804;0.13923;16.433;0.15389;1.9922;0.20885;0;0;0.34349;0;0.12366;0.43968;;0;0;;0.46715;0.10259;0;0.14794;0.021984;0.014656;0.23083;;0;0;;0;0;0;2.2021;0;0;0;0.46166;0.0916;0.065952;;0;0;;1.4326;0;0.39205;0.029312;0;0.32976;;0.76944;;0;0.76297;;0.062288;0;0.010992;0.4067;0.59723;0.032976;4.3638;0.80974;0;0;0.61922;0.21754;0;2.3669;19.2148;0;;0;0;0;0.12824;0.10259;0.58543;0;0;0.098928;0.805;0.23037;0;0;1.7221;4.2356;0.03664;;0;0;0.043968;0;0;1.8064;2.1544;0.3151;1.1725;0.12366;0.52762;;0;0;0.087936;0.22717;1.4656;0.34349;;0.03664;6.2607;0;8.4528;0;32.7525;0.20152;1.8365;0;0.92333;0.35907;;0;0.076944;0.12458;163.7285;43.4194;138.965;68.1829;80.3508;5.3604;37.8329;1.0882;110.5774;3.9644;38.5306;2.2131;7.5808;1.7001;208.848
1965;0.084272;0.07328;0.37006;;0.12091;;0;1.6451;0.13786;;1.8943;2.0152;0.27826;0;0;0.0071433;0;0.79905;2.9422;0;0;0;;0.04319;;2.7993;0;0;1.3374;0;0;0.025648;3.7776;0.007328;0;0;0;0.5899;5.4813;1.0223;0;0;;0.058624;0;0.51828;0.39938;0.047632;2.0096;1.1945;0.12458;0.99294;0;0;0.10626;0.16122;1.2055;0.040304;0;;0.20934;0.047632;0;0;;0.01832;0.88302;11.1459;0;0;0;0;0.1736;20.0421;0;0;1.6012;0;0;0;0.11725;0;0;0;0.021984;0.047632;0.12091;1.1871;0.05496;5.2725;0.1832;0.6412;0.52395;0.39205;0.62654;10.3105;0.15389;16.2901;0.15022;2.221;0.24182;0;0;0.38293;0;0.13786;0.48365;;0;0;;0.52079;0.10992;0;0.15117;0.01832;0.014656;0.37006;;0;0;;0;0;0;2.1434;0;0;0;0.39205;0.10992;0.065952;;0;0;;1.4803;0;0.42136;0.032976;0;0.49098;;0.79875;;0;0.8429;;0.084272;0;0.014656;0.50563;0.76211;0.029312;4.7705;0.83539;0;0;0.80242;0.24252;0;2.693;21.4211;0;;0;0;0;0.12458;0.0916;0.59818;0;0;0.10259;0.83733;0.23539;0;0;1.9346;4.8292;0.043968;;0;0;0.040304;0;0;1.8796;2.0115;0.33709;1.2164;0.13786;0.62288;;0;0;0.095264;0.22717;1.6598;0.38293;;0.065952;6.9796;0;8.4528;0;33.0456;0.20885;2.0474;0;1.0516;0.47266;;0;0.10992;0.12458;169.1957;46.94;141.4098;74.7259;82.5484;5.7378;39.7747;1.1578;115.7218;4.4151;38.9666;2.334;8.0278;0.040304;216.176
1966;0.087936;0.069616;0.32976;;0.1319;;0;1.7367;0.15233;;1.832;2.2424;0.30749;0;0;0.0077283;0;0.88297;2.8872;0;0;0;;0.045032;;3.0118;0;0;1.4216;0;0;0.029312;4.0341;0;0;0;0;0.6815;5.4813;1.0332;0;0;;0.058624;0.05496;0.54039;0.39938;0.047632;2.157;1.2458;0.1319;1.0442;0;0;0.13923;0.18686;1.2164;0.069616;0;;0.23132;0.051296;0;0;;0.021984;0.7841;11.6112;0;0;0;0;0.19183;20.5221;0;0;1.788;0;0;0;0.098928;0;0;0;0.01832;0.051296;0.12458;1.2971;0.058624;5.507;0.16854;0.67051;0.55326;0.69616;0.58258;11.1715;0.17587;19.0675;0.18686;2.4543;0.24182;0;0;0.42315;0;0.15233;0.54594;;0;0;;0.57548;0.10626;0;0.15761;0.025648;0.021984;0.42502;;0;0;;0;0;0;2.4549;0;0;0;0.42869;0.11358;0.069616;;0;0;;1.5755;0;0.43602;0.040304;0.007328;0.4983;;0.90867;;0;0.91194;;0.07328;0;0.014656;0.53128;0.80242;0.032976;5.005;0.85738;0;0;0.93798;0.26799;0;2.9312;23.671;0;;0;0;0;0.12458;0.095264;0.6237;0;0;0.19419;0.89876;0.24543;0;0;1.9859;6.0163;0.040304;;0;0;0.051296;0;0;1.8723;2.1544;0.30778;1.5499;0.15233;0.74013;;0;0;0.10626;0.23816;1.9273;0.42315;;0.058624;7.7126;0;8.3576;0.025648;34.1448;0.2345;2.2624;0;1.0516;0.43968;;0;0.10992;0.12458;180.8647;50.495;150.4443;80.9153;86.8926;5.943;44.2601;1.2311;123.4449;5.0417;40.6338;2.29;8.5151;-0.52762;230.832
1967;0.065952;0.10992;0.36274;;0.13923;;0;1.7697;0.16141;;1.9053;2.2644;0.3258;0.34075;0;0.0085288;0;0.93556;2.8982;0;0;0;;0.046056;;3.1913;0;0;1.6708;0;0;0.029312;3.6127;0;0;0;0;0.61555;3.9828;1.0516;0;0;;0.05496;0.12824;0.55267;0;0.0916;2.2708;1.2934;0.14656;1.0955;0;0;0.15389;0.19419;1.3703;0.069616;0;;0.2451;0.07328;0;0;;0.021984;0.75478;12.1498;0;0;0;0;0.20325;19.3679;0;0;1.7184;0;0;0;0.10992;0;0;0;0.01832;0.05496;0.10626;1.3227;0.058624;5.8258;0.17587;0.69616;0.64486;0.69616;0.39938;13.0841;0.16854;21.4124;0.16122;2.6005;0.23816;0;0;0.44835;0;0.16141;0.50563;;0;0;;0.60976;0.0916;0;0.1612;0.029312;0.021984;0.41403;;0;0;;0;0;0;2.7883;0.025648;0;0;0.42869;0.12458;0.065952;;0;0;;1.6671;0;0.4067;0.047632;0.010992;0.39205;;1.0736;;0;1.0064;;0.0916;0;0.007328;0.54227;1.0516;0.029312;5.5473;0.90867;0;0;1.2164;0.28396;0;3.1547;25.0809;0;;0;0;0;0.16122;0.084272;0.63787;0;0;0.2345;0.94617;0.251;0;0;1.9969;6.7124;0.095264;;0;0;0.065952;0;0;1.9419;2.0812;0.30045;1.7367;0.16141;0.8647;;0;0;0.095264;0.2345;2.1178;0.44835;;0.069616;8.172;0;8.757;0.07328;32.7745;0.20885;2.3972;0;1.1212;0.46533;;0;0.15022;0;187.367;51.676;155.1022;83.9408;90.8808;6.1409;46.8963;1.2055;129.5216;5.038;39.1755;2.334;8.7313;-0.88302;238.16
1968;0.047632;0.15022;0.43235;;0.15389;;0;2.0812;0.16666;;1.9566;2.268;0.3364;0.34075;0;0.010191;0;0.966;2.8616;0;0;0;;0.052401;;3.6274;0;0;1.7514;0;0;0.029312;3.6896;0.003664;0;0;0;0.61555;4.4884;1.1798;0;0;;0.065952;0.16488;0.62882;0.38838;0.11725;2.2837;1.341;0.14656;1.1358;0;0;0.16122;0.21618;1.5682;0.076944;0;;0.25307;0.087936;0;;;0.025648;0.73646;12.6518;0;0;0;0;0.20987;20.4268;0.11358;0;2.0335;0;0;0;0.087936;0;0;0;0.021984;0.065952;0.18686;1.396;0.051296;5.9503;0.20518;0.69616;0.67418;0.9673;0.5496;14.6816;0.20518;23.7574;0.23816;2.6851;0.27114;0;0;0.46294;0;0.16666;0.45067;;0.025648;0;;0.6296;0.095264;0;0.1834;0.032976;0.029312;0.46533;;0;0;;0;0;0;3.0521;0.03664;0;0;0.49464;0.1429;0.087936;;0;0;;1.7111;0;0.38106;0.051296;0.010992;0.28579;;1.1432;;0;1.2026;;0.080608;0;0.010992;0.55326;1.2787;0.03664;5.7818;0.92699;0;0;1.7807;0.2932;0;3.5028;25.8969;0;0;0;0;0;0.25282;0.098928;0.72576;0;0.021984;0.28213;0.95156;0.28559;0;0;2.1984;7.4526;0.10992;;0;0;0.07328;0;0;1.9492;2.1544;0.458;1.9896;0.16666;1.1798;;0;0;0.10626;0.25282;2.356;0.46294;;0.076944;8.4378;0;8.9072;0.076944;35.0168;0.25648;2.4752;0;1.2164;0.31877;;0;0.16854;0.16854;198.6283;58.1631;165.9683;90.8232;96.2604;7.1008;51.8387;1.6525;136.315;5.9687;41.7586;2.3633;9.7939;-0.31144;256.48
1969;0.051296;0.16488;0.47266;;0.19053;;0;2.1654;0.17101;;2.1471;2.2717;0.34519;0.4067;0;0.011208;0;0.99124;3.1254;0;0;0;;0.055165;;3.8985;0;0;1.7697;0;0;0.029312;3.73;0.007328;0;0;0;0.71448;4.9794;1.1908;0;0;0;0.080608;0.19419;0.66198;0.38838;0.12091;2.3691;1.396;0.16122;1.3007;0;0;0.19419;0.22717;1.799;0.069616;0;;0.25969;0.084272;0;;;0.025648;0.89402;13.7253;0;0;0;0;0.21535;21.1743;0.20152;0;2.4109;0;0;0;0.10992;0;0;0;0.025648;0.065952;0.18686;1.2787;0.047632;6.6062;0.26747;0.68883;0.63387;1.1688;0.65219;15.6196;0.20518;25.6077;0.23816;2.7552;0.31877;0;0;0.47504;0;0.17101;0.62288;;0.03664;0.032976;;0.64605;0.10259;0;0.19308;0.03664;0.03664;0.48365;;0;0;;0;0;0;3.3819;0.03664;0;0;0.57891;0.15022;0.0916;;0;0;;1.6415;0;0.39938;0.05496;0.010992;0.28213;;1.2421;;0;1.3225;;0.087936;0;0.01832;0.56792;1.4693;0.040304;5.8954;1.0149;0.025648;0;2.4072;0.30086;0;3.7446;26.5735;0;;0;0;0;0.29312;0.10259;0.76403;0;0.021984;0.31144;0.98712;0.30065;0;0;2.5428;8.1304;0.13923;;0;0;0.084272;0;0;1.9712;2.2607;0.46533;2.0372;0.17101;1.1981;;0;0;0.12091;0.30045;2.8872;0.47504;;0.087936;8.6583;0;8.68;0.084272;35.4309;0.23083;2.5399;0;1.0662;0.37006;;0;0.16488;0.19053;206.8778;63.8149;174.6956;95.9971;100.9014;8.1744;56.2783;1.81;142.153;7.0422;42.5427;2.5721;10.12;0.44334;271.136
1970;0.047632;0.17954;0.46166;;0.2235;;0;2.3633;0.18139;;2.246;2.3963;0.36614;0.41403;0;0.010776;0;1.0514;3.3526;0;0;0;0;0.061203;;4.4847;0;0;1.8283;0;0;0.01832;3.5907;0.007328;0;0;0;1.0186;4.972;1.3923;0;0;0;0.0916;0.19786;0.73444;0.37006;0.1319;2.6045;1.9969;0.20885;1.2971;0;0;0.24549;0.16488;1.8357;0.080608;0;;0.27544;0.0916;0;0;;0.029312;0.93432;14.4545;0;0;0;0;0.22842;23.0759;0.21984;0;2.4146;0;0;0;0.10992;0;0;0;0.029312;0.076944;0.21251;1.3813;0.043968;6.7491;0.2748;0.67784;0.42869;1.2824;0.68883;16.4807;0.21984;28.4986;0.18686;2.9224;0.39571;0;0;0.50386;0;0.18139;0.66685;;0.043968;0.047632;;0.68525;0.12091;0;0.21421;0.03664;0.032976;0.51296;;0;0;;0;0;0;3.5797;0.047632;0;0;0.69982;0.19786;0.084272;;0;0;;1.9089;0;0.41403;0.062288;0.014656;0.29312;0;1.3007;;0;1.2716;;0.12091;0;0.043968;0.56426;1.2201;0.058624;6.0676;1.1615;0.12824;0.014656;2.9019;0.31911;0;4.0487;28.1858;0;;0;0;0;0.33709;0.12091;0.84766;0;0.014656;0.36274;1.0852;0.33356;0;0;2.8652;8.3209;0.16122;;0;0;0.076944;0;0;2.0299;2.3889;0.47998;2.1434;0.18139;1.308;;0;0;0.13557;0.27114;3.1767;0.50386;;0.095264;9.1837;0;8.5005;0.084272;33.7308;0.24915;2.694;0;1.319;0.39205;;0;0.087936;0.23816;215.6861;68.9298;182.2042;102.4117;106.2347;8.8779;60.8963;1.9566;150.0109;7.6248;40.9012;2.6894;11.6588;1.1761;285.792
1971;0.043968;0.17954;0.47998;;0.26381;;0;2.7553;0.19106;;2.334;2.737;0.38567;0.41403;0;0.011238;0;1.1075;3.4552;0;0;0;0;0.068981;;4.8841;0;0;1.9346;0;0;0.029312;4.1;0.003664;0;0;0;0.6815;11.4353;1.418;0;0;0;0.10626;0.24915;0.82778;0.37373;0.15022;2.7984;2.3963;0.22717;1.363;0;0;0.29678;0.1832;1.9529;0.0916;0;;0.29014;0.10626;0;0;;0.040304;0.916;14.4252;0;0;0;0;0.2406;24.6587;0.26381;0;2.759;0;0;0;0.11358;0;0;0;0.03664;0.080608;0.25648;1.352;0.058624;7.4233;0.24182;0.92333;0.74746;1.4216;0.69982;15.8468;0.21251;29.6161;0.20885;3.0783;0.39571;0;0;0.53074;0;0.19106;0.74746;;0.043968;0.03664;;0.7218;0.1319;0;0.24144;0.03664;0.032976;0.54594;0;0;0;;0;0;0;3.6677;0.047632;0;0;0.73646;0.20885;0.098928;;0;0;;2.0152;0;0.41037;0.058624;0.014656;0.32976;0;1.3667;;0;1.3261;;0.13923;0;0.029312;0.72181;1.5535;0.062288;6.5183;1.2238;0.12824;0.069616;3.4258;0.33613;0;4.2466;29.6893;0;;0;0;0;0.35174;0.12091;0.95539;0;0;0.30411;1.166;0.37595;0;0;2.9165;8.5518;0.19053;;0;0;0.095264;0.025648;0;1.9676;2.6014;0.45434;2.5135;0.19106;1.385;;0;0;0.12824;0.28946;3.7593;0.53074;;0.10259;9.6735;0;8.8192;0.087936;36.3066;0.22717;2.8377;0;1.396;0.38106;;0;0.2345;0.27846;226.197;81.1796;191.1465;116.2302;110.1906;9.5777;71.34;2.0518;156.4692;8.6947;44.0743;2.7846;12.3843;0.39938;307.776
1972;0.047632;0.19786;0.46166;;0.31144;;0;2.715;0.19863;;2.4585;3.162;0.40093;0.49098;0;0.010992;0;1.1513;3.5321;0;0;0;0;0.080035;0;5.6719;0;0;1.9492;0;0;0.025648;4.5104;0.003664;0;0;0;0.68883;11.461;1.5206;0;0;0;0.1319;0.30045;0.96042;0.7328;0.20885;2.8295;2.6234;0.23816;1.4326;0;0;0.33709;0.24182;1.9053;0.10992;0;;0.30162;0.095264;0;0;;0.043968;0.98928;14.9052;0;0;0;0;0.25012;25.9155;0.20518;0;3.1291;0;0;0;0.1319;0;0;0;0.040304;0.095264;0.20518;1.4803;0.065952;7.852;0.29678;0.94898;0.7328;1.6818;0.76944;16.6749;0.20885;33.0346;0.32976;3.2001;0.39938;0;0;0.55174;0;0.19863;0.83906;;0.043968;0.029312;;0.75037;0.15389;0;0.28012;0.032976;0.03664;0.57891;0;0;0;;0;0;0;4.2869;0.069616;0;0;0.76944;0.2345;0.098928;;0;0;;2.0042;0;0.44701;0.058624;0.014656;0.56792;0;1.3593;;0;1.2971;;0.13557;0;0.03664;0.80974;1.4473;0.07328;6.9689;1.385;0.051296;0.084272;3.2316;0.34943;0;4.591;30.8643;0;;0;0;0;0.47998;0.16854;1.1085;0;0;0.50197;1.1789;0.43619;0;0;3.0448;9.7536;0.19053;;0;0;0.080608;0.029312;0;1.9309;2.8469;0.50197;2.9239;0.19863;1.6818;;0.058624;0;0.1429;0.31144;4.1989;0.55174;;0.084272;10.0564;0;8.9915;0.11725;38.2228;0.23083;2.95;0;1.4876;0.24915;;0;0.24182;0.31144;240.2038;87.0061;204.0092;123.2007;116.5463;10.1529;76.258;2.6161;164.9064;9.8012;47.0201;2.9495;13.5055;-1.1139;326.096
1973;0.069616;0.25648;0.50197;;0.38472;;0;2.5831;0.20853;;2.6161;3.1181;0.42091;0.47632;0;0.014656;0;1.2087;3.5101;0;0;0;0;0.088734;0;6.6758;0;0;2.0812;0;0;0.040304;5.0307;0.007328;0;0;0;0.68517;12.4576;1.6048;0;0;0;0.13557;0.32976;1.0648;0.74746;0.2235;2.9484;2.8946;0.26747;1.44;0;0;0.28946;0.24182;1.8027;0.12091;0;;0.31665;0.062288;0;0;;0.043968;1.0442;15.3045;0;0;0;0;0.26259;25.1973;0.21618;0;3.2353;0;0;0;0.15389;0;0;0;0.05496;0.11725;0.21984;1.6964;0.065952;7.4782;0.36274;0.90501;0.7841;1.7404;0.62654;18.0928;0.20152;38.9263;0.30778;3.3596;0.39571;0;0;0.57924;0;0.20853;0.82806;;0.043968;0.040304;;0.78776;0.17954;0;0.31057;0.03664;0.043968;0.63754;0;0.021984;0;;0;0;0;4.8768;0.07328;0;0;0.80608;0.30411;0.095264;;0;0;;2.0299;0.025648;0.52762;0.095264;0.03664;0.60822;0;1.3593;;0;1.4326;;0.21618;0;0.03664;1.1761;2.0225;0.084272;7.7494;1.6451;0.051296;0.095264;4.0744;0.36685;0;4.9061;32.4026;0;;0;0;0;0.47998;0.14656;1.229;0;0;0.51296;1.2285;0.4836;0;0;3.4185;11.1459;0.20885;;0;0;0.10259;0.029312;0;2.0995;2.8689;0.42136;3.0375;0.20853;1.8467;;0.058624;0;0.12458;0.26014;4.4591;0.57924;;0.069616;10.5576;0;9.9588;0.15755;39.5895;0.25648;3.097;0;1.7001;0.38106;;0.007328;0.20518;0.33709;256.2011;93.601;218.9145;130.8876;122.48;10.7612;85.5021;2.7333;173.1947;9.8268;49.497;3.2133;15.0737;-1.7221;348.08
1974;0.07328;0.27846;0.46899;;0.37739;;0;2.6857;0.21928;;2.5941;3.206;0.44262;0.39571;0;0.043968;0;1.271;3.7226;0;0;0;0;0.092521;0;7.4306;0;0;2.1398;0;0;0.025648;5.1699;0;0;0;0;0.71082;12.4576;1.7367;0;0;0;0.14656;0.3151;1.1103;0.90501;0.16854;3.1528;2.9825;0.31144;1.2421;0;0;0.30045;0.28946;1.6268;0.14656;0;;0.33298;0.058624;0;0;;0.040304;1.0992;16.1143;0;0;0;0;0.27613;22.9586;0.26014;0;3.4991;0;0;0;0.15389;0;0;0;0.069616;0.10626;0.28579;1.7111;0.076944;7.1192;0.41403;0.90501;0.76578;2.2534;0.89402;18.0928;0.20152;36.4312;0.29678;3.5328;0.42502;0;0.11358;0.60911;0;0.21928;0.86837;;0.043968;0.24182;;0.82839;0.1832;0;0.32382;0.029312;0.043968;0.6815;0;0.021984;0;;0;0;0;5.2798;0.084272;0;0;0.95264;0.23083;0.084272;;0;0.01832;;2.0372;0.032976;0.55326;0.11725;0.010992;0.6009;0;1.3154;;0;1.7294;;0.19786;0;0.051296;0.94898;1.7441;0.10259;8.3539;1.6891;0.062288;0.10626;4.4078;0.38577;0;5.5766;34.0737;0;;0;0;0;0.52762;0.16488;1.2814;0;0;0.52395;1.3137;0.50424;0;0;3.6384;11.0799;0.2345;;0;0;0.15022;0.021984;0;1.6488;2.6161;0.47998;3.0741;0.21928;1.9529;;0.065952;0;0.12091;0.26747;4.4518;0.60911;;0.076944;11.1021;0;8.8632;0.14656;37.4681;0.27114;3.2567;0;1.7404;0.34808;;0.029312;0.21984;0.37739;252.8456;97.5721;213.5397;136.8779;121.6135;11.2338;83.8814;2.8616;174.4306;10.8821;47.9178;3.2207;15.9897;1.3264;351.744
1975;0.07328;0.32243;0.47266;;0.3261;;0;2.7224;0.23244;;2.4988;2.8066;0.46919;0.19053;0;0.084272;0;1.3473;3.4295;0;0;0;0;0.098355;0;8.6873;0;0;2.1728;0;0;0.025648;4.9647;0;0;0;0;0.50563;14.9638;1.5389;0;0;0;0.16488;0;1.1803;1.0369;0.30411;3.2717;3.4808;0.31144;1.1139;0;0;0.29312;0.29678;1.7844;0.16488;0;;0.35297;0.07328;0;0;;0.03664;1.0296;14.7439;0;0;0;0;0.29271;22.0023;0.33342;0;3.9571;0;0;0;0.19419;0;0;0;0.076944;0.14656;0.28579;1.8723;0.080608;8.0901;0.53494;1.1871;0.77677;2.6747;1.0919;17.0596;0.20152;32.6462;0.28579;3.7449;0.44701;0;0.1429;0.64567;0;0.23244;0.8244;;0.043968;0.30778;;0.87812;0.17221;0;0.34424;0.029312;0.051296;0.72181;0;0.025648;0;;0;0;0;5.7855;0.080608;0;0;1.0113;0.13923;0.0916;;0;0.003664;;1.8467;0.029312;0.53494;0.087936;0.007328;0.6815;0;1.352;;0;1.5535;;0.13923;0;0.069616;0.94898;2.1251;0.1319;9.2186;1.7184;0.080608;0.11725;5.049;0.40893;0;5.7415;36.1189;0;;0;0;0;0.56059;0.17954;1.3622;0;0;0.65952;1.3632;0.53603;0;0;3.5761;12.0069;0.19419;;0;0;0.10626;0.014656;0;1.5535;1.876;0.49464;3.3855;0.23244;1.9822;;0;0;0.12824;0.30778;5.3275;0.64567;;0.047632;11.7685;0;8.4162;0.1319;31.5177;0.31877;3.4522;0;1.7441;0.34808;;0.029312;0.2235;0.33342;242.8117;107.06;202.4786;147.3931;119.7573;11.0689;86.095;2.8249;174.8368;12.6994;42.2679;3.0997;16.979;-1.7917;348.08
1976;0.084272;0.34808;0.69616;;0.15022;;0;2.8469;0.2366;;2.5208;2.9312;0.47758;0.13557;0;0.076944;0;1.3714;3.7409;0;0;0;0;0.10603;0;9.5411;0;0;2.1728;0;0;0.025648;4.7962;0;0;0;0;0.47998;24.5671;1.799;0;0;0;0.17954;0;1.2724;1.2458;0.5093;3.3597;3.4808;0.3261;1.1725;0;0;0.3261;0.30411;1.6744;0.16122;0;;0.35928;0.07328;0;0;;0.032976;0.90867;14.6487;0;0;0.05496;0;0.29794;23.303;0.3261;0;4.3565;0;0;0;0.2235;0;0;0;0.12091;0.12824;0.38106;2.1434;0.07328;9.3176;0.89768;1.3593;0.78043;3.0411;0.99661;18.1038;0.1832;34.2401;0.26747;3.8119;0.49098;0;0.16488;0.65723;0;0.2366;0.85005;;0.051296;0.74746;;0.89383;0.15022;0;0.37111;0.03664;0.043968;0.86837;0;0.025648;0;;0;0;0;6.2691;0.080608;0;0;1.1578;0.10626;0.11725;;0;0.014656;;1.7331;0.025648;0.4983;0.11358;0.01832;0.63387;0;1.3374;;0;1.5645;;0.13923;0;0.076944;0.97829;2.2424;0.10992;9.8672;1.8503;0.084272;0.15022;5.9174;0.41624;0;6.5219;36.7652;0;;0;0;0;0.5496;0.19053;1.4685;0;0;0.67418;1.3999;0.57787;0;0;3.5138;12.5565;0.21251;;0;0;0.065952;0.025648;0;1.429;1.766;0.55326;4.3638;0.2366;2.224;;0;0;0.11725;0.23816;6.1519;0.65723;;0.043968;11.979;0.098928;7.8629;0.12091;33.6758;0.33709;3.514;0;1.7624;0.37006;;0.029312;0.19053;0.26747;251.9847;125.1655;211.9579;165.1923;124.8419;11.395;101.61;3.0741;180.8441;14.1467;44.7411;3.0778;18.2614;0.24182;377.392
1977;0.069616;0.37373;0.88669;;0.15022;;0;2.9898;0.24196;;2.5025;2.8066;0.48841;0.03664;0;0.15389;0;1.4025;3.8692;0;0;0;0;0.11146;0;10.5267;0;0;2.323;0;0;0.025648;4.8035;0;0;0;0;0.56059;27.7292;1.6415;0;0;0;0.20152;0;1.3375;1.3227;0.53494;3.4295;3.4881;0.24549;1.1505;0;0;0.42869;0.31144;1.6232;0.18686;0;;0.36743;0.03664;0;0;;0.03664;0.85371;14.3665;0;0;0.095264;0;0.3047;22.6765;0.30411;0;5.2725;0;0;0;0.24549;0;0;0;0.12091;0.12458;0.51296;2.301;0.069616;9.4971;1.3227;1.5792;0.78776;3.6164;0.97829;19.0381;0.16488;36.4458;0.28213;3.8983;0.57158;0;0.16488;0.67212;0;0.24196;0.67784;;0.051296;1.2458;;0.91409;0.14656;0;0.39009;0.025648;0.047632;0.88669;0;0.01832;0;;0;0;0;6.5915;0.051296;0;0;1.429;0.16122;0.13557;;0;0.021984;;1.9419;0.025648;0.45434;0.11358;0.01832;0.71814;0;1.1542;;0;1.5755;;0.13557;0;0.098928;0.95997;2.0921;0.1319;10.6146;2.1398;0.084272;0.17954;7.0752;0.42568;0;6.914;37.5985;0;;0;0;0;0.63021;0.16488;1.5437;0;0;0.67418;1.429;0.60743;0;0;3.2756;13.9488;0.17587;;0;0;0.07328;0.021984;0;1.3044;1.8173;0.69616;5.1516;0.24196;2.5465;;0;0;0.10626;0.28579;6.892;0.67212;;0.040304;12.2505;0.098928;7.7017;0.12824;36.1893;0.34075;3.5936;0;1.5645;0.42136;;0.029312;0.19786;0.24549;261.7697;135.4408;222.2878;174.9228;129.019;12.2194;110.166;3.1877;186.1563;15.7296;47.5844;3.0191;19.1481;-1.4986;395.712
1978;0.062288;0.39938;1.3447;;0.19786;;0;3.1474;0.24177;;2.4879;2.9312;0.48801;0.16488;0;0.16854;0;1.4014;3.7739;0;0;0;0;0.12108;0;11.1019;0;0;2.5648;0;0;0.003664;5.1406;0.007328;0;0;0;0.58624;32.5107;2.0702;0;0;0;0.24549;0;1.4529;1.352;0.55326;3.5899;3.4881;0.2345;1.308;0;0;0.43235;0.41403;1.4949;0.22717;0;;0.36713;0.043968;0;0;;0.040304;0.85005;13.9635;0;0;0.007328;0;0.30445;23.8307;0.24915;0;5.6206;0;0;0;0.25648;0;0;0;0.12458;0.13557;0.61555;2.3743;0.065952;9.7462;1.8393;2.2937;0.90134;5.9796;0.99294;19.0528;0.14656;42.2972;0.28213;3.8952;0.56059;0;0.31144;0.67158;0;0.24177;0.68883;;0.065952;1.5938;;0.91335;0.15389;0;0.42377;0.032976;0.051296;1.0955;0;0.01832;0;;0;0;0;7.0056;0.084272;0;0;1.4033;0.16122;0.12824;;0;0.01832;;1.9529;0.029312;0.39938;0.098928;0.021984;0.76578;0;1.1139;;0;1.5462;;0.15022;0;0.084272;1.0076;2.1618;0.12824;10.8125;2.5501;0.10259;0.17587;7.5405;0.42533;0;7.3207;37.5681;0;;0;0;0;0.89768;0.17954;1.6769;0;0;0.67418;1.4958;0.65986;0;0;3.4002;15.0664;0.28579;;0;0;0.095264;0.029312;0;1.1725;1.843;0.71448;5.7122;0.24177;2.5355;;0;0;0.10992;0.43968;7.6468;0.67158;;0.040304;12.2406;0.61922;7.9326;0.11358;38.6405;0.34075;3.5907;0;1.7074;0.42136;;0.032976;0.062288;0.20518;274.6504;150.4103;236.1202;188.9404;133.4066;12.9669;123.0405;3.4442;190.6859;20.5624;50.7867;2.9568;20.6173;-0.03664;425.024
1979;0.069616;0.42136;1.8796;;0.19786;;0;3.3232;0.23428;;2.6124;2.7956;0.47289;0.2235;0;0.16122;0;1.3579;3.8399;0;0;0;0;0.1264;0;12.3953;0;0;2.693;0;0;0;5.8624;0;0;0;0;0.67418;36.8232;2.1215;0;0;0;0.26381;0;1.5168;1.3007;0.56426;3.608;3.9864;0.2235;1.2018;0;0;0.44334;0.54594;1.4729;0.29312;0;;0.35575;0.047632;0;0;;0.047632;0.87203;14.3629;0;0;0.043968;0;0.29502;24.5708;0.13557;0;6.0273;0;0;0;0.28579;0;0;0;0.11725;0.11358;0.63754;2.4219;0.062288;9.1014;2.3413;2.5428;1.0296;4.4847;0.9563;19.5768;0.11358;43.7518;0.31144;3.7745;0.42502;0;0.51662;0.65077;0;0.23428;1.0589;;0.069616;1.5938;;0.88505;0.15755;0;0.44239;0.03664;0.051296;1.1285;0;0.014656;0;;0;0;0;7.5625;0.0916;0;0;1.6341;0.13557;0.19419;;0;0.010992;;1.843;0.029312;0.37373;0.043968;0.01832;0.86837;0;1.0955;;0;1.7038;;0.25282;0;0.076944;1.1945;1.9676;0.12458;9.5557;2.5611;0.11725;0.24549;8.178;0.41215;0;7.7713;36.404;0;;0;0;0;1.0955;0.19053;1.7506;0;0;0.67418;1.5033;0.68887;0;0;3.4368;13.9085;0.29678;;0;0;0.0916;0.029312;0;1.1908;1.9602;0.91966;5.9284;0.23428;2.6198;;0;0;0.10626;0.68883;6.8663;0.65077;;0.025648;11.8613;0.63387;8.0425;0.13923;38.8347;0.34075;3.4794;0;1.9822;0.36274;;0.043968;0.098928;0.19786;276.0326;158.6607;238.9042;195.7891;133.7784;13.9635;129.8209;3.5577;189.6726;19.5474;52.2596;3.0631;22.8084;1.3227;436.016
1980;0.025648;0.4983;2.0702;;0.12091;;0;3.5541;0.23814;;2.6857;2.7187;0.48069;0.2345;0;0.16854;0;1.3803;3.7263;0;0.1429;0;0;0.12967;0;13.5495;0;0;2.6711;0;0;0;5.2322;0;0;0;0;0.78776;39.7947;2.1691;0;0.01832;0;0.2748;0.64853;1.5561;1.4106;0.61555;3.7088;3.9864;0.21984;0.9563;0;0;0.50563;0.6925;1.5096;0.26014;0;;0.36162;0.05496;0;0;;0.040304;0.90501;14.5021;0;0;0.05496;0;0.29988;23.2334;0.14656;0;6.3167;0;0;0.0916;0.28213;0;0;0;0.12091;0.2235;0.74013;2.323;0.062288;8.8192;2.9019;2.7407;0.93066;3.9864;0.916;20.8152;0.07328;43.8288;0.45434;3.8367;0.63387;0;0.65219;0.6615;0;0.23814;0.74013;;0.051296;1.5938;;0.89965;0.16122;0;0.45385;0.029312;0.043968;1.1688;0;0.010992;0;;0.087936;0;0;8.0938;0.087936;0;0;1.7697;0.11725;0.19419;;0;0.014656;;1.865;0.029312;0.35907;0.076944;0.021984;0.99661;0;1.0992;;0;1.6635;;0.28213;0;0.087936;1.0809;2.2314;0.14656;9.1893;2.8652;0.10259;0.25282;7.7787;0.41895;0;7.7787;37.0045;0;;0;0;0;1.4509;0.19419;1.796;0;0;0.97462;1.5453;0.70672;0;0;3.5871;13.9562;0.28579;;0;0;0.0916;0.032976;0;1.2201;2.1178;0.99294;7.0056;0.23814;2.6601;;0.15022;0;0.0916;0.88669;6.4157;0.6615;;0.003664;12.057;0.85738;7.3793;0.15022;34.6761;0.40304;3.5368;0;2.4146;0.31877;;0.040304;0.080608;0.2345;271.6525;168.4013;233.4392;206.6145;133.1454;15.8871;134.6027;4.0157;190.1633;19.3496;48.0021;3.1144;24.9189;-0.37373;439.68
1981;0.03664;0.39205;2.224;;0.12458;;0;3.3123;0.24217;;2.9935;2.6344;0.48883;0.014656;0;0.17221;0;1.4037;3.3342;0;0.14656;0;0;0.13612;0;12.9816;0;0;2.7114;0;0;0;5.0563;0;0;0;0;0.92699;41.8575;2.2204;0;0.025648;0;0.23083;0.59723;1.6334;1.6415;0.51662;3.745;3.9864;0.24549;0.79875;0;0;0.47266;0.61555;1.7441;0.22717;0;;0.36775;0.065952;0;0;;0.047632;0.90501;14.0661;0;0;0.07328;0;0.30496;21.7788;0.19786;0;6.4486;0;0;0.080608;0.25648;0;0;0;0.11725;0.15389;0.75478;2.3083;0.062288;10.3435;3.4332;2.792;0.9673;3.9864;1.0259;20.7053;0.080608;42.2716;0.47998;3.9017;0.64853;0;0.7731;0.67271;0;0.24217;1.1908;;0.043968;1.5938;;0.91488;0.17221;0;0.47642;0.01832;0.040304;1.4106;0;0.010992;0;;0.087936;0.029312;0;8.9585;0.10626;0;0;1.7954;0.11725;0.15755;;0;0.014656;;1.6525;0.025648;0.44334;0.084272;0.01832;1.2458;0;0.916;;0;1.788;;0.26014;0;0.076944;1.5352;2.0372;0.18686;7.0898;2.8396;0.12824;0.25648;7.7823;0.42605;0;7.3463;37.6312;0;0;0;0;0;2.3596;0.18686;1.8853;0;0;1.1212;1.5604;0.74186;0;0;4.0341;14.3262;0.31877;0;0;0;0.07328;0.03664;0;1.1542;2.1654;1.1542;7.1448;0.24217;3.1217;;0.1429;0;0.069616;1.0076;7.4965;0.67271;;0.003664;12.2612;0.85738;6.3424;0.19419;32.9687;0.37006;3.5967;0;2.4292;0.27114;;0.040304;0.07328;0.29312;263.5564;178.2743;227.0062;214.8246;127.3036;17.2721;138.2521;3.7776;185.0593;22.2844;46.9835;3.5101;24.6917;1.5132;443.344
1982;0.043968;0.41403;2.1911;;0.12458;;0;2.803;0.23554;;2.8616;2.4988;0.47544;0.032976;0;0.16122;0;1.3652;3.151;0;0.15755;0;0;0.1353;0;12.78;0;0;2.7956;0;0;0;4.1989;0;0;0;0;0.56426;46.8772;2.5062;0;0.01832;0;0.21251;0.5496;1.6236;1.5755;0.53128;3.6312;3.9791;0.27114;0.88302;0;0;0.47266;0.79142;2.1215;0.20885;0;;0.35767;0.07328;0;0;;0.043968;0.92699;13.0292;0;0;0.087936;0;0.2966;20.8298;0.14656;0;6.4083;0;0;0.080608;0.25282;0;0;0;0.10626;0.13923;0.71448;2.1764;0.062288;11.2118;3.7373;2.7883;0.78776;4.7339;1.0919;19.7966;0.10626;40.2087;0.39571;3.7948;0.64853;0;0.7731;0.65427;0;0.23554;0.84638;;0.040304;1.9896;;0.88981;0.17221;0;0.47356;0.01832;0.025648;1.5572;0;0.014656;0;;0.098928;0;0;9.6143;0.17587;0;0;1.865;0.17587;0.17221;;0;0.010992;;1.5462;0.025648;0.38838;0.051296;0.01832;1.7954;0;0.89035;;0;1.843;;0.17587;0;0.05496;1.2897;2.1691;0.16122;8.0242;2.9715;0.11358;0.26381;8.9145;0.41437;0;7.4709;36.5998;0;0;0;0;0;3.5651;0.17954;1.8739;0;0;1.3447;1.513;0.7374;0;0;3.9901;14.7329;0.32243;0;0;0;0.0916;0.03664;0;1.1468;2.0445;1.2934;6.6941;0.23554;3.2939;;0.13923;0;0.095264;0.88669;7.8629;0.65427;;0.007328;11.9251;1.1065;6.4596;0.19786;29.0848;0.32976;3.4982;0;2.7077;0.39938;;0.11725;0.076944;0.28579;253.0609;189.1326;219.5684;222.6251;125.3276;18.4519;143.6758;3.609;181.5262;24.688;42.8981;3.3196;24.0248;1.1505;443.344
1983;0.007328;0.4177;2.3963;;0.10992;;0;2.803;0.24405;;2.4109;2.4439;0.49262;0.010992;0;0.15389;0;1.4146;2.8506;0;0.15022;0;0;0.13346;0;10.3984;0;0;2.814;0;0;0;3.9205;0;0;0;0;0.62654;53.9414;2.3523;0;0.007328;0;0.19053;0.31877;1.6015;1.6085;0.46899;3.6933;3.9791;0.25648;0.8244;0;0;0.5496;0.70715;2.7407;0.21618;0;;0.3706;0.084272;0;0;;0.05496;0.94898;12.2121;0;0;0.058624;0;0.30732;21.0497;0.1429;0;7.0752;0;0;0.080608;0.2235;0;0;0;0.10626;0.24182;0.85371;2.1141;0.058624;12.6335;4.078;2.7883;0.74013;4.972;1.0259;19.5401;0.13923;40.3077;0.63387;3.9319;0.63754;0;0.56059;0.67792;0;0.24405;0.74746;;0.043968;2.4879;;0.92197;0.17587;0;0.46711;0.01832;0.03664;1.6085;0;0.010992;0;;0.10259;0;0;8.5041;0.080608;0;0;1.9163;0.20885;0.16854;;0;0.021984;;1.5499;0.029312;0.37739;0.051296;0.01832;1.7954;0;0.83173;;0;2.4622;;0.16122;0;0.076944;0.97829;2.1837;0.16488;8.0718;3.0228;0.18686;0.30411;10.6036;0.42935;0;6.9616;37.9227;0;0;0;0;0;4.0487;0.19786;1.8484;0;0;1.5719;1.5389;0.72736;0;0;3.9351;15.2679;0.25282;0;0;0;0.098928;0.03664;0;1.1175;2.0408;1.8064;7.3793;0.24405;3.62;;0.11725;0;0.19419;1.4216;6.7747;0.67792;;0.010992;12.3562;1.0296;6.6758;0.20885;32.2542;0.20152;3.6246;0;2.2131;0.46166;;0.42502;0.076944;0.28946;257.0347;199.5656;221.7477;234.8527;125.023;20.1007;156.5699;3.8765;182.9437;24.9995;44.6788;2.8726;20.5587;1.3996;458
1984;0.05496;0.42869;2.759;;0.17587;;0;2.6014;0.24783;;2.7224;2.4402;0.50025;0;0;0.13557;0.07328;1.4365;2.8433;0;0.15022;0;0;0.12967;0;9.8378;0;0;2.8506;0;0;0;4.2905;0;0;0;0;0.69616;60.3351;2.6308;0;0;0;0.2345;0.26747;1.5561;1.6671;0.42502;3.7037;3.9791;0.26747;0.83173;0;0;0.56792;0.8647;3.239;0.19786;0;;0.37634;0.12091;0;0;;0.047632;0.82074;11.3218;0;0;0.10259;0;0.31208;20.163;0.11358;0;6.7381;0;0;0.084272;0.20885;0;0;0;0.10992;0.26747;0.91966;2.0665;0.058624;14.4655;4.4151;3.9791;0.68517;5.8807;1.0296;18.8256;0.1319;39.2964;0.98928;3.9928;0.57891;0;0.5899;0.68842;0;0.24783;0.62288;;0.040304;2.9825;;0.93625;0.16854;0;0.45385;0.01832;0.03664;1.7294;0;0.010992;0;;0.095264;0;0;9.1856;0.069616;0;0;1.788;0.2235;0.15389;;0;0.01832;;1.5828;0.029312;0.41037;0.051296;0.01832;1.4912;0;0.76944;;0;2.3413;;0.15022;0;0.05496;0.97096;1.821;0.1429;8.3209;2.759;0.23816;0;10.1713;0.436;0;6.9836;38.5102;0;0;0;0;0;3.5614;0.19053;1.796;0;0;1.407;1.5432;0.70672;0;0;4.078;12.6738;0.24915;0;0;0;0.087936;0.025648;0;1.1908;2.0848;2.1324;7.0935;0.24783;4.1073;;0.12091;0;0.20152;1.385;7.841;0.68842;;0.010992;12.5476;1.9969;6.7161;0.1832;35.5774;0.16488;3.6808;0;2.3816;0.54594;;0.6925;0.12091;0.32243;255.3201;213.5913;220.6116;248.2998;119.4774;20.8848;163.6675;4.0414;178.1287;29.5538;49.0536;3.2097;20.3718;0.080608;468.992
1985;0.03664;0.42502;3.0375;;0.17587;;0;2.3083;0.24894;;2.9349;2.2717;0.50248;0;0;0.12091;0.10992;1.4429;2.759;0;0.15022;0;0;0.12568;0;10.2702;0;0;2.6381;0;0;0;5.0783;0;0;0;0;0.71082;71.0193;2.6894;0;0.029312;0;0.23816;0.33709;1.5082;1.5865;0.32976;3.6105;3.9791;0.21984;0.86837;0;0;0.50197;0.97829;2.8652;0.2235;0;;0.37802;0.12458;0;0;;0.047632;0.80242;11.7321;0;0;0.12091;0;0.31348;18.6204;0.17954;0;6.8114;0;0;0.084272;0.26381;0;0;0;0.1319;0.17221;0.916;1.832;0.058624;16.4587;5.0233;3.9791;0.72547;6.2105;1.0076;18.276;0.12091;36.2992;1.0076;4.0107;0.42136;0;0.59357;0.69149;0;0.24894;0.4983;;0.047632;3.2536;;0.94043;0.14656;0;0.43988;0.01832;0.029312;1.5572;0;0.010992;0;;0.098928;0;0;10.3068;0.07328;0;0;1.8393;0.098928;0.23816;;0;0.014656;;1.4509;0.029312;0.48365;0.051296;0.01832;1.6635;0;0.79875;;0.32243;2.6051;;0.15022;0;0.021984;0.8757;1.5352;0.19053;7.4746;2.6747;0.15755;0;10.1786;0.43795;0;6.0969;38.6821;0;0;0;0;0;4.0964;0.20152;1.7407;0;0;0.99294;1.5044;0.68496;0;0;3.5064;12.0582;0.29678;0;0;0;0.095264;0.025648;0;1.0589;2.1215;2.1398;7.1851;0.24894;3.9461;;0.1429;0;0.16488;1.5242;8.7606;0.69149;;0.010992;12.6036;2.0958;6.6465;0.15022;35.6471;0.15755;3.6972;0;2.6381;0.64486;;0.69616;0.15755;0.34808;248.5274;229.6612;216.7737;261.415;114.1495;20.7785;173.5259;3.8985;173.0262;31.5654;51.0322;3.4955;20.8665;1.7954;479.984
1986;0.043968;0.42136;3.217;;0.17587;;0;2.7663;0.25731;0;2.9532;2.2753;0.51939;0;0;0.14656;0.098928;1.4914;2.8689;0;0.15022;0;0;0.12701;0;12.6042;0;0;2.8396;0;0;0;5.2835;0;0;0;0;0.71448;80.4651;2.9935;0;0.029312;0;0.2748;0.38472;1.5241;1.6451;0.42869;3.6235;3.9791;0.21984;1.0113;0;0;0.53128;1.0039;3.7922;0.21984;0;;0.39073;0.13557;0;0;;0.047632;0.70715;11.7065;0;0;0.10626;0;0.32402;19.2177;0.10992;0;6.6465;0;0;0.0916;0.32243;0;0;0;0.12458;0.17954;1.1139;1.9163;0.05496;18.1368;5.452;3.9791;0.69616;6.1152;1.0259;17.9096;0.12091;35.5115;0.89402;4.1456;0.65219;0;0.50563;0.71475;0;0.25731;0.45067;;0.047632;1.0332;;0.97206;0.19419;0;0.44454;0.01832;0.03664;1.777;0;0.010992;0;;0.098928;0;0;9.8415;0.21251;0;0;1.865;0.03664;0.21618;;0;0.047632;0;1.5462;0.01832;0.45067;0.051296;0.01832;1.9236;0;0.87203;;0.34808;2.6051;;0.16854;0;0.087936;1.0992;1.766;0.14656;7.8739;2.7114;0.15389;0;11.6625;0.45268;0;7.0825;39.9832;0;0;0;0;0;4.6496;0.17954;1.7591;0;0;0.89768;1.5098;0.69221;0;0;3.3452;11.9776;0.29678;0;0;0;0.07328;0.025648;0;1.0223;2.1874;2.0921;7.3793;0.25731;3.9425;;0.17221;0;0.16122;1.4876;9.9661;0.71475;;0.007328;13.0276;1.3667;6.6831;0.15022;36.127;0.16854;3.8215;0;2.8652;3.184;;0.57891;0.16488;0.37373;252.307;249.7196;219.8311;282.1956;116.2846;19.9175;189.5908;4.089;177.106;32.126;51.252;3.4698;24.4755;-0.058624;501.968
1987;0.051296;0.42869;3.7593;;0.17587;;0;3.14;0.26167;0;2.9239;2.2534;0.52818;0;0;0.15389;0.10259;1.5167;2.8359;0;0.15022;0;0;0.12476;0;12.6921;0;0;2.737;0;0;0;6.2728;0;0;0;0;0.79509;89.5079;2.9715;0;0.01832;0;0.28946;0.3261;1.4971;1.7624;0.42502;3.6468;4.4737;0.24549;0.94165;0;0;0.54227;1.0699;4.3565;0.30411;0;;0.39734;0.17587;0;0;;0.029312;0.71082;11.7395;0;0;0.069616;0;0.3295;18.7853;0.13557;0;6.5622;0;0;0.095264;0.65952;0;0;0;0.12458;0.2235;1.1102;2.0702;0.065952;18.4263;5.9027;4.972;0.72181;6.3424;1.1102;18.5655;0.15389;35.6544;1.1285;4.2157;0.65952;0;0.50563;0.72685;0;0.26167;0.45067;;0.051296;1.3447;;0.98851;0.25282;0;0.43666;0.025648;0.03664;1.6525;0;0.010992;0;;0.098928;0.040304;0;11.1349;0.27114;0;0;1.898;0.03664;0.19419;;0;0.076944;0;1.4583;0.025648;0.43968;0.051296;0.01832;1.8943;0;0.81707;;0.4177;3.4039;;0.17587;0;0.1319;1.2897;1.6561;0.19786;8.0168;2.9165;0.15022;0;12.7874;0.46034;0;7.1228;40.6599;0.032976;0;0;0;0;4.2832;0.18686;1.7279;0;0;0.76211;1.5195;0.67994;0;0;3.3562;11.4683;0.29678;0;0;0;0.062288;0.025648;0;1.1212;2.301;1.9273;7.786;0.26167;4.9098;;0.1832;0;0.16122;1.6964;10.9517;0.72685;;0.003664;13.248;1.5462;7.1301;0.15022;35.9402;0.20152;3.8862;0;3.0448;3.4075;;0.37739;0.18686;0.40304;254.7238;270.2358;224.988;299.9716;116.826;21.6909;203.4212;4.7449;178.6131;34.1631;53.3478;3.4185;25.5601;-1.0076;523.952
1988;0.051296;0.37006;3.5871;;0.4983;;0;3.0155;0.26566;0;3.1877;2.3743;0.53623;0;0.076944;0.15389;0.0916;1.5398;3.2133;0;0.098928;0;0;0.12302;0;12.6225;0;0;2.759;0;0;0;5.998;0;0;0;0;0.93798;104.424;3.3709;0;0.03664;0;0.27846;0.34808;1.4762;1.777;0.43235;3.8588;5.8771;0.24549;0.83906;0;0;0.74379;1.0955;4.8768;0.31144;0;;0.4034;0.20152;0;0;;0.021984;0.75112;12.6078;0;0;0.065952;0;0.33453;19.2983;0.23816;0;6.5036;0;0;0.12091;0.39938;0;0;0;0.12458;0.27846;1.0919;1.9309;0.065952;20.2802;6.1006;5.2432;0.83906;6.0786;1.1578;18.8769;0.1832;38.6442;0.91234;4.28;0.61922;0;0.44334;0.73793;0;0.26566;0.45067;;0.051296;1.3557;;1.0036;0.28213;0;0.43057;0.025648;0.032976;1.8796;0;0.010992;0;;0.098928;0.043968;0;11.2192;0.24915;0;0;2.1031;0.032976;0.17587;;0;0.10626;0;1.7038;0.029312;0.40304;0.051296;0.014656;1.7441;0;0.71082;;0.43235;3.5101;;0.10992;0;0.16122;1.2531;2.0408;0.22717;8.4638;2.9385;0.15022;0.28946;14.4472;0.46736;0;7.1998;41.28;0.029312;0;0;0;0;5.4557;0.19419;1.7038;0;0;0.79509;1.6078;0.67046;0;0.025648;4.2283;12.6591;0.19786;0;0;0;0.069616;0.025648;0;1.1212;2.4732;1.6598;8.6104;0.26566;5.7378;;0.18686;0;0.17954;1.6085;11.2998;0.73793;;0.007328;13.4501;1.6378;8.2257;0.095264;35.3759;0.21618;3.9455;0;3.0888;0.97462;;0.32243;0.20152;0.38472;263.4623;293.7808;235.0899;322.1532;122.3058;23.5522;226.4514;4.7485;184.9205;35.321;52.5931;3.642;26.0144;-0.3151;556.928
1989;0.051296;0.37739;3.3965;;0.4983;;0;2.2277;0.26743;0;3.4368;2.3669;0.53982;0;0.076944;0.15755;0.10626;1.5501;3.3489;0;0.12458;0;0;0.11913;0;12.9193;0;0;2.4769;0;0;0;6.2728;0;0;0;0;1.0003;103.0683;3.3086;0;0.062288;0;0.30411;0.24915;1.4296;1.5645;0.52029;3.8304;8.1377;0.22717;1.0003;0;0;0.79875;1.1212;6.2178;0.3151;0;;0.4061;0.18686;0;0;;0.029312;0.79509;13.3699;0;0;0.058624;0;0.33677;20.3132;0.28213;0;6.2471;0;0;0.10992;0.43602;0;0;0;0.10992;0.32243;1.0662;1.9236;0.058624;22.922;7.0239;6.2398;0.80974;6.2398;1.1395;19.6244;0.21618;39.7251;0.95997;4.3087;0.60456;0;0.55326;0.74287;0;0.26743;0.45067;;0.043968;1.3557;;1.0103;0.29312;0;0.41696;0.029312;0.03664;2.3889;0;0.010992;0;;0.098928;0.043968;0;11.3437;0.25648;0;0;2.0921;0.03664;0.19786;;0;0.10992;0;1.766;0.032976;0.36274;0.065952;0.014656;1.7441;0;0.68517;;0.47266;3.4552;;0.084272;0;0.16122;1.0479;1.8064;0.25282;8.5335;2.9825;0.15022;0.30778;15.1836;0.47049;0;6.6099;41.5564;0.032976;0;0;0;0;5.7012;0.19053;1.65;0;0;0.85005;1.596;0.64926;0;0.025648;4.0011;13.6411;0.19786;0;0;0;0.07328;0.025648;0;1.2128;2.7224;1.7441;8.9915;0.26743;7.4856;;0.19419;0;0.19053;1.6268;11.8567;0.74287;;0.007328;13.5401;1.6891;8.3942;0.26747;35.5115;0.27846;3.9719;0;2.246;0.99294;;0.34808;0.19053;0.35907;268.7697;303.5581;242.403;329.9247;125.4185;24.5928;235.246;4.7229;188.5652;37.622;53.128;3.8619;24.5891;-0.74379;571.584
1990;0.05496;0.37373;3.1584;;0.12824;;0;1.799;0.2609;0;3.4629;2.0334;0.52662;0;0.07328;0.16854;0.098928;0.99126;2.8238;0;0.15022;0;0;0.11064;0;12.857;0;0;2.1004;0;0;0;5.4362;0;0;0;0;1.0552;104.6438;3.1144;0;0.043968;0;0.30778;0.24915;1.0858;1.4949;0.69686;2.4892;7.9729;0.23083;0.8824;0;0;0.52762;1.1212;7.0276;0.31877;0;;0.48304;0.16854;0;0;;0.040304;0.73359;10.9373;0;0;0.058624;0;0.32854;15.1458;0.33709;0;5.7617;0;0;0.11358;0.83539;0;0;0;0.098928;0.3261;0.90134;1.7973;0.051561;24.4169;6.8773;4.983;0.884;6.478;1.429;16.0842;0.21984;37.9049;0.90867;3.271;0.75112;0;0.44701;0.72471;0;0.36612;0.44701;;0.025648;1.3447;;1.6681;0.56988;0;0.38723;0.029312;0.047632;2.9312;0;0.010992;0;0;0.12458;0.051296;0;11.8604;0.21984;0;0;2.0921;0.040304;0.20518;0;0;0.05496;0;0.4158;0.032976;0.44875;0.59723;0.010992;1.7441;0;0.63426;;0.4983;3.7336;;0.15022;0;0.16122;1.0919;3.1694;0.27846;5.4535;3.1764;0.1319;0.31144;16.7445;0.45898;0;4.4453;34.6093;0.029312;0;0;0;0;5.9796;0.2345;1.5323;0;0;0.92333;1.438;0.48207;0;0.01832;3.8912;12.279;0.19786;0;0;0;0.084272;0.025648;0;1.272;2.5247;1.7441;9.2186;0.2609;9.0208;;0.19786;0;0.21984;1.6451;10.5349;0.72471;;0.014656;9.2872;1.6232;7.2953;0.26747;33.2781;0.24915;3.8748;0;2.6051;1.2458;;0.41403;0.21618;0.34808;229.7411;309.6006;217.8028;321.539;102.8001;24.9592;240.5778;5.4337;153.7613;35.6919;50.5747;3.9849;24.3583;35.9063;575.248
1991;0.05496;0.30045;3.1474;;0.12824;;0;1.6928;0.24185;0;3.183;2.005;0.48818;0;0.07328;0.13557;0.098928;0.9528;2.8805;0;0.16122;0;0.058624;0.10439;0;13.6997;0;0;1.24;0;0;0;4.4483;0;0;0;0;1.1212;125.8767;3.14;0;0.051296;0;0.34808;0.24915;0.70256;0.99661;0.65645;2.3089;7.9729;0.12458;1.0878;0;0;0.61555;1.1468;8.1854;0.33709;0;;0.47896;0.1429;0;0;;0.040304;0.57203;10.3861;0;0;0.058624;0;0.30455;13.6051;0.37373;0;5.7158;0;0;0.12091;0.71814;0;0;0;0.12458;0.34442;0.83539;1.1265;0.04798;25.4135;8.0498;2.4915;0.782;7.4746;1.7697;15.9281;0.19053;39.5167;0.67784;2.9893;0.71082;0;0.047632;0.67181;0;0.32714;0.44701;;0;1.1798;;1.55;0.5441;0;0.36538;0.029312;0.058624;3.7116;0;0.010992;0;0;0.12091;0.051296;0;12.5089;0.11358;0;0;2.8762;0.040304;0.21984;0;0;0.065952;0;0.49788;0.043968;0.4377;0.12091;0.010992;1.7441;0;0.59186;;0.49464;3.8692;;0.15022;0;0.16122;1.0955;3.4442;0.29678;5.4143;3.2712;0.26381;0.26014;17.4406;0.42548;0;3.2007;32.8369;0.029312;0;0;0;0;5.6645;0.24915;1.4458;0;0;0.99661;1.0193;0.42703;0;0.003664;3.7006;11.7008;0.19786;0;0;0;0.084272;0.025648;0;1.1371;2.1996;1.7441;9.6656;0.24185;8.9951;;0.19419;0;0.24182;1.9969;11.8107;0.67181;;0.025648;8.8144;1.7294;5.9942;0.26747;32.535;0.24915;3.592;0;3.1584;1.4949;;0.42502;0.1832;0.43235;218.5143;336.8493;214.4938;340.8698;94.5594;26.7619;267.3305;4.5287;142.6444;35.1137;49.4922;3.705;25.7872;34.5403;589.904
1992;0.058624;0.098928;3.1877;;0.15022;;0;2.5172;0.19786;0;2.9234;2.105;0.39938;0;0.10992;0.13557;0.087936;0.91371;3.0886;0;0.1832;0;0.058624;0.07328;0;11.9117;0;0;1.0756;0;0;0;4.4793;0;0;0;0;1.319;153.5876;3.3929;0;0.058624;0;0.34808;0.25282;0.82623;0.99661;0.71549;2.4684;8.4712;0.087936;1.1923;0;0;0.6815;1.1212;8.4712;0.20885;0;;0.31537;0.15022;0;0;;0.040304;0.4759;9.3434;0;0;0.058624;0;0.24915;14.301;0.5093;0;5.8611;0;0;0.11725;0.69616;0;0;0;0.098928;0.32243;0.81707;0.88365;0.045099;24.9152;8.6104;0.99661;0.753;7.5735;1.9749;16.6741;0.23816;40.8086;1.5609;2.6472;0.75112;0;0.26381;0.5496;0.003664;0.14918;0.74746;;0.003664;1.1468;;0.75495;0.54988;0;0.25648;0.029312;0.05496;4.1696;0;0.010992;0;0;0.12091;0.062288;0;13.3956;0.065952;0;0;3.1584;0.014656;0.23083;0;0;0.11725;0;0.449;0.043968;0.47723;0.13923;0.014656;1.7441;0;0.65331;;0.48365;3.8838;0;0.12458;0;0.16122;1.0406;3.3232;0.30045;5.5381;3.1357;0.27114;0.30778;22.1452;0.34808;0;2.906;26.7174;0.029312;0;0;0;0;7.6358;0.30045;1.0149;0;0;0.94531;1.2832;0.39435;0;0.010992;3.5028;10.4383;0.4067;0;0;0;0.12458;0.025648;0;1.089;2.0618;1.843;10.7868;0.19786;10.8784;;0.17587;0;0.24182;1.9932;12.0444;0.5496;;0.025648;8.5617;1.8943;5.4564;0.26747;32.7899;0.24915;2.9385;0;3.2829;1.9932;;0.39938;0.17221;0.44701;211.0257;375.2353;220.9138;365.3472;92.2234;27.458;304.142;4.4224;132.9681;37.7987;50.6648;3.4849;25.3219;25.6271;611.888
1993;0.058624;0.098928;3.1877;;0.12458;;0;2.814;0.098928;0;3.0047;2.0319;0.30045;0;0.11358;0.13557;0.029312;0.85932;3.0823;0;0.25282;0;0.05496;0.07328;0;12.3807;0;0;1.1312;0;0;0;4.5621;0;0;0;0;1.5059;183.3172;3.9498;0;0.058624;0;0.42869;0.24915;0.68713;0.52395;0.77954;2.1946;8.4712;0.07328;1.2061;0;0;0.63387;1.0442;7.9729;0.42869;0;;0.22812;0.17587;0;0;;0.040304;0.36302;8.5919;0;0;0.065952;0;0.15022;14.3874;0.6009;0;5.875;0;0;0.11358;0.55693;0;0;0;0.051296;0.35907;0.85371;1.0511;0.039052;26.8132;9.4348;0.99661;0.729;7.9729;2.2607;14.2767;0.2235;40.3763;1.7514;1.5503;0.70715;0;0.24915;0.34808;0.003664;0.016736;1.4949;;0.003664;1.1468;;0.3639;0.45679;0;0.24915;0.029312;0.062288;4.3821;0;0.010992;0;0;0.10992;0.05496;0;13.5128;0.040304;0;0;3.1657;0.010992;0.19786;0;0;0.13557;0;0.458;0.043968;0.48926;0.12824;0.014656;1.5938;0;0.83792;;0.4983;4.1476;0;0.28579;0;0.24549;1.2458;3.9681;0.3261;5.1472;3.1955;0.27114;0.30778;23.5778;0.051296;0;2.8334;21.9949;0.029312;0;0;0;0;7.6248;0.29312;0.54227;0;0;1.4839;1.0101;0.29581;0;0.010992;3.664;9.9136;0.33709;0;0;0;0.12458;0.025648;0;1.0921;1.8715;2.2424;11.9446;0.15022;13.3883;;0.17587;0;0.26381;2.1288;12.9738;0.5496;;0.025648;6.3161;1.9932;5.5249;0.26747;34.6236;0.24915;2.6417;0;3.4112;2.0921;;0.39938;0.17587;0.4983;200.2589;416.3194;220.7465;395.8318;86.9229;27.2638;341.0043;4.1367;119.8567;40.8422;52.6985;3.5782;27.1979;28.2858;644.864
1994;0.058624;0.051296;3.0191;;0.12091;;0;3.1291;0.051296;0;3.4843;2.1023;0.2345;0;0.11358;0.13923;0.040304;0.6336;3.1787;0;0.23083;0;0.058624;0.12091;0;12.5712;0;0;1.4125;0;0;0.051296;5.3793;0;0;0;0;1.4912;209.8739;4.646;0;0.043968;0;0.46899;0.5496;0.84187;0.53861;0.81805;2.2084;8.4712;0.084272;1.1922;0;0;0.63754;1.0772;8.0242;0.42502;0;0.021984;0.33005;0.23083;0;0;;0.047632;0.3653;8.7754;0.01832;0;0.062288;0;0.051296;15.1887;0.67051;0;5.9164;0;0;0.11358;0.59723;0.12458;0;0;0;0.30778;0.95997;1.2146;0.036538;28.4033;10.9151;0.99661;0.859;7.9729;2.3926;13.9986;0.2235;41.4269;1.9932;0.82196;0.72181;0;0.4983;0.19786;0.003664;0.081109;1.7184;;0;1.8943;;0.3816;0.51472;0;0.24182;0.01832;0.062288;4.9464;0;0.007328;0;0;0.10992;0.18686;0;14.7989;0.043968;0;0;3.1657;0.029312;0.2345;0.010992;0;0.15755;0;0.463;0.043968;0.49692;0.15389;0.014656;1.308;0;0.845;;0.59723;4.0377;0;0.30778;0;0.32976;1.5828;4.7705;0.38106;6.6432;3.292;0.2345;0.23816;25.2779;0.01832;0.16122;2.7709;16.4754;0.003664;0;0;0;0;7.4746;0.34075;0.80242;0;0.051296;1.5462;1.095;0.3921;0;0.010992;3.9388;11.499;0.46166;0;0;0;0.080608;0.029312;0;1.1095;2.0638;2.2424;11.3218;0.098928;14.8978;;0.1429;0;0.28946;2.2937;13.4626;0.34808;;0.01832;4.9197;2.4915;6.3678;0.15755;36.087;0.35174;2.3926;0;3.4515;2.3413;;0.39938;0.13923;0.53494;203.4086;455.3209;233.9488;424.7807;93.0118;28.7148;374.5956;4.2136;119.2206;42.5877;56.2652;4.0728;29.0592;22.7745;681.504
1995;0.058624;0.098928;3.4002;0;0.098928;;0;2.715;0.11358;0;3.3577;1.6313;0.098928;0;0.098928;0.13923;0.03664;0.56615;3.2553;0;0.28946;0;0.069616;0.11358;0;14.0808;0;0;1.9536;0.014656;0;0.051296;6.0879;0;0;0;0;1.6305;237.1487;4.6863;0;0.047632;0;0.43235;0.4983;0.62867;0.7328;0.78386;2.005;8.4712;0.11725;1.2038;0;0;0.72547;1.3044;8.8009;0.44334;0;0.025648;0.3479;0.30411;0;0;;0.043968;0.37978;8.6354;0.029312;0;0.076944;0;0.051296;15.4083;0.64853;0;6.3564;0;0;0.11358;0.57525;0.12458;0;0;0;0.35907;0.95264;1.2188;0.036836;30.8948;11.5269;1.0516;0.879;8.1231;3.0924;15.5404;0.26014;41.275;1.7477;0.60451;0.78043;0;0.97096;0.15389;0.003664;0.095418;1.7624;;0.003664;1.6012;;0.30797;0.45876;0;0.26014;0.01832;0.069616;5.3384;0;0.007328;0;0;0.10992;0.058624;0;11.9813;0.05496;0;0;3.1913;0.029312;0.25648;0.010992;0;0.16122;0;0.428;0.051296;0.53867;0.16122;0.014656;1.2971;0;0.875;;0.58624;4.2796;0;0.30778;0;0.3151;1.8906;5.2578;0.44334;6.6665;3.4621;0.23816;0.2748;27.4727;0.025648;0.15755;3.1458;16.6464;0.003664;0;0;0;0;7.8593;0.34442;0.84638;0;0.051296;1.5938;1.1337;0.41615;0;0.010992;4.5214;12.3646;0.44701;0;0;0;0.19419;0.029312;0;1.2962;1.9461;2.224;11.2008;0.051296;17.3893;;0.17587;0;0.27846;2.4622;14.0943;0.21618;0;0.043968;3.3599;2.9495;6.2849;0.29678;36.8471;0.30045;1.6928;0;3.8216;2.9056;;0.54227;0.15389;0.48365;206.4745;495.2561;238.6078;463.1227;96.2876;30.7043;409.932;4.536;121.0627;45.3409;54.9163;3.9917;31.2466;20.0774;721.808
1996;0.058624;0.10259;3.239;0;0.13557;;0;2.5501;0.13923;0;3.2436;1.6342;0.10992;0;0.095264;0.32243;0.05496;0.64614;3.0088;0;0.17954;0;0.080608;0.07328;0;17.2391;0;0.12458;1.9221;0.014656;0;0.098928;5.7672;0;0;0;0;1.81;244.7625;4.4371;0;0.025648;0;0.41403;0.4983;0.68469;0.72547;0.84632;2.1165;8.4712;0.12091;1.2821;0;0;0.81707;1.5096;9.3176;0.47266;0;0.021984;0.36147;0.34442;0;0;;0.040304;0.38374;8.4356;0.025648;0;0.0916;0;0.043968;14.6644;0.74746;0;6.3743;0;0;0.11358;0.54227;0.12824;0;0;0;0.47266;1.0113;1.1433;0.040817;37.3728;12.2817;0.79875;0.983;9.1453;2.792;14.1979;0.27846;41.6839;1.7514;0.4745;0.90501;0;0.99661;0.27114;0.040304;0.1077;1.7441;;0.007328;1.7697;;0.31755;0.45238;0;0.24549;0.021984;0.043968;6.1519;0;0.007328;0;0;0.10992;0.051296;0;12.6408;0.051296;0;0;3.2829;0.087936;0.25282;0.025648;0;0.15389;0;0.316;0.051296;0.51032;0.17954;0.014656;1.2677;0;0.863;;0.62654;4.4334;0;0.32243;0;0.30411;1.9163;6.1922;0.46533;6.2189;3.3877;0.34442;0.15022;29.1178;0.01832;0.15022;3.2;12.7232;0.021984;0;0;0;0;8.189;0.40304;1.0992;0;0.080608;1.6451;1.0805;0.44684;0;;4.4847;12.1146;0.46166;0;0;0;0.19053;0.029312;0;1.2249;1.752;2.2424;10.7319;0.025648;19.3093;;0.20518;0;0.30778;2.2753;14.4886;0.2235;0;0.12458;2.1312;2.9898;6.4164;0.36274;39.1477;0.34075;1.6451;0;3.7666;3.2829;;0.51296;0.17221;0.4983;200.3387;522.4979;240.1014;482.7352;93.322;31.4701;431.0261;4.8108;113.0172;46.7172;57.5558;3.8455;34.394;20.9554;743.792
1997;0.058624;0.051296;3.5358;0;0.15022;0;0;3.4185;0.14656;0;3.1846;1.7609;0.15755;0;0.084272;0.50563;0.087936;0.8345;3.1619;0;0.098928;0;0.080608;0.098928;0;18.9832;0;0.12458;1.5422;0.01832;0;0.07328;6.2074;0;0;0;0;1.8613;254.9961;4.2099;0;0.010992;0;0.46899;0.5496;0.79226;0.85005;0.81418;2.0834;3.4881;0.062288;1.441;0;0;0.916;1.4436;9.8159;0.5093;0;0.029312;0.39607;0.37373;0;0;0;0.047632;0.45128;8.1115;0.025648;0;0.098928;0;0.043968;15.1237;0.84638;0;6.4077;0;0;0.11358;0.63754;0.12824;0;0;0;0.52029;0.95997;1.208;0.045472;39.8643;13.707;0.84638;1.145;9.5924;2.6894;14.4466;0.29312;39.1046;1.6195;0.28315;0.75112;0;0.99661;0.3261;0.040304;0.10955;1.3484;;0.003664;1.2568;;0.36607;0.46709;0;0.24915;0.01832;0.087936;6.3131;0;0.014656;0;0;0.10992;0.040304;0;13.729;0.05496;0;0;3.6054;0.10992;0.25648;0.025648;0;0.11358;0;0.376;0.051296;0.53224;0.18686;0.014656;1.2568;0;0.9222;0;0.63021;4.4847;0;0.34808;0;0.33709;2.1434;7.317;0.51662;6.7389;3.5609;0.34442;0.30778;30.0558;0.062288;0.15022;3.0049;12.2729;0.029312;0;0;0;0;7.6724;0.42502;1.0003;0;0.080608;1.6451;1.1927;0.45238;0;;4.8804;12.7515;0.47998;0;0;0;0.13923;0.029312;0;1.1054;1.572;2.4109;10.7245;0.01832;18.4959;;0.20885;0;0.3261;2.2057;14.9329;0.2235;0;0.1429;2.3831;2.6161;6.7105;0.30778;38.3234;0.38838;1.6451;0;4.0597;3.9974;;0.61555;0.19053;0.5496;199.4555;539.3254;242.2529;496.5281;95.7216;32.5217;439.786;5.3678;115.2138;46.3993;58.2599;3.8158;37.4168;26.995;765.776
1998;0.058624;0.040304;3.7373;0;0.17587;0;0;3.5321;0.15022;0;3.4754;1.5987;0.098928;0;0.11358;0.61922;0.12824;0.92183;3.1748;0;0.098928;0;0.07328;0.15022;0;19.9028;0;0.10626;1.0965;0.01832;0;0.07328;6.3667;0;0;0;0;1.9383;267.0909;4.58;0;0;0;0.54227;0.32243;0.85293;0.85371;0.77123;2.0677;1.5938;0.065952;1.3898;0;0;0.93798;1.2971;10.4644;0.53128;0;0.021984;0.40352;0.37373;0;0;0;0.043968;0.44988;8.6863;0.043968;0;0.098928;0;0.098928;15.3907;0.81341;0;6.3832;0;0;0.11358;0.74746;0.13923;0;0;0;0.44701;0.76578;1.2531;0.053181;42.3558;11.1312;0.99661;1.059;10.6146;3.228;14.757;0.27846;34.6351;1.319;0.27044;0.71082;0;0.67051;0.35174;0.040304;0.1065;1.6525;;0.003664;1.4949;;0.4117;0.46898;0;0.23083;0.021984;0.065952;5.1809;0;0;0;0;0.10992;0.051296;0;13.8243;0.05496;0;0;3.6933;0.10626;0.1832;0.07328;0;0.13923;0;0.432;0;0.48893;0.18686;0.014656;1.3447;0;0.90008;0;0.66318;4.4371;0;0.37373;0;0.36274;2.1618;6.423;0.58258;6.3342;3.5368;0.49098;0.37006;22.966;0.03664;0.19053;2.9159;11.9227;0.029312;0;0;0;0;7.8666;0.4983;1.1212;0;0.051296;1.1652;1.7894;0.47149;0;;4.3528;13.8089;0.43602;0;0;0;0.098928;0.029312;0;1.1334;1.5726;2.2973;9.7939;0.007328;11.3218;;0.24915;0;0.34442;2.2863;15.1628;0.2235;0;0.16122;2.7511;3.5211;6.8382;0.38838;39.218;0.43602;1.6928;0;4.0854;4.8511;;0.59723;0.17587;0.5496;198.1945;537.9492;235.2564;500.8874;97.582;33.3131;428.3898;5.5949;117.2826;49.194;59.4091;4.0083;38.952;29.6322;765.776
1999;0.058624;0.051296;3.7373;0;0.10259;0;0;3.5797;0.1429;0;3.52;1.6074;0.087936;0;0.076944;1.0406;0.12458;0.89133;3.1132;0;0.098928;0;0.07328;0.15022;0;20.0677;0;0.10259;1.0848;0.087936;0;0;6.6372;0;0;0;0;1.5132;285.5282;4.5837;0;0;0;0.5496;0.32243;1.1151;0.89035;0.771;1.9629;1.9932;0.080608;1.3549;0;0;1.1358;1.1468;11.6185;0.51296;0;0.021984;0.36104;0.31877;0;0;0;0.047632;0.4807;8.3863;0.043968;0;0.087936;0;0.16854;15.6149;0.93066;0;6.3664;0;0;0.11358;0.79875;0.14656;0;0;0;0.48731;0.6925;1.2594;0.060394;44.8474;11.9227;2.4915;1.166;11.003;3.1657;15.507;0.25282;34.2898;1.3374;0.34674;0.71814;0;0.71448;0.19053;0.040304;0.14054;1.352;;0.007328;1.4949;;0.34581;0.49176;0;0.26014;0.021984;0.0916;5.0343;0;0;0;0;0.10992;0.051296;0;14.656;0.051296;0;0;3.7519;0.10626;0.16854;0;0;0.1429;0;0.517;0;0.53215;0.17587;0.014656;1.2458;0;0.8923;0;0.60822;4.7852;0;0.37739;0;0.36274;1.8943;6.2581;0.59723;6.1777;3.8271;0.5093;0.42502;23.9955;0.025648;0.19053;2.6448;13.1725;0.032976;0;0;0;0;8.1304;0.4983;0.7841;0;0.021984;0.82806;1.7943;0.47622;0;;4.0194;14.4316;0.48731;0;0;0;0.11358;0.029312;0;1.1392;1.571;2.5575;9.1087;0.014656;12.6335;;0.30045;0;0.34442;2.4256;14.5478;0.2235;0;0.17221;2.4978;3.5211;6.5309;0.41403;39.9911;0.39205;2.2277;0;4.2356;5.2285;;0.72547;0.15022;0.4983;201.0612;565.4424;237.9382;528.5654;98.6678;34.3207;452.7136;5.8734;119.0246;50.7408;61.2843;4.0998;38.4464;28.5844;795.088
2000;0.025648;0.087936;4.1367;0;0.098928;0;0;3.0484;0.10992;0;3.6209;1.7116;0.098928;0;0.043968;1.7844;0.1319;0.86718;3.2703;0;0.12458;0;0.07328;0.31144;0;19.5364;0;0.11725;1.1878;0.051296;0;0;6.7351;0;0;0;0;1.6818;297.4875;4.8585;0;0.010992;0;0.52395;0.32243;1.2436;0.81341;0.79678;1.9369;2.2937;0.084272;1.3853;0;0;1.2494;1.396;12.0289;0.53128;0;0.021984;0.37372;0.43968;0;0;0;0.047632;0.50747;8.5609;0.043968;0;0.10626;0;0.17221;15.1019;0.97096;0;6.5368;0;0;0.1319;0.97829;0.15022;0;0;0;0.6412;0.6412;1.395;0.064442;47.3389;13.8463;2.9898;1.7009;11.9007;2.8433;16.1006;0.26014;34.3935;1.3154;0.59889;0.57158;0;0.5899;0.24915;0.047632;0.089578;1.3996;;0.03664;1.4949;;0.29254;0.51928;0;0.29312;0.025648;0.076944;5.7048;0;0;0;0;0.12824;0.058624;0;16.5576;0.047632;0;0;4.0377;0.13557;0.19419;0;0;0.15022;0;0.469;0.051296;0.53078;0.26381;0.01832;1.2458;0;0.88973;0;0.61555;4.9317;0;0.47266;0;0.32243;1.9456;5.9577;0.53494;6.1144;3.8091;0.60456;0.44334;25.5417;0.10992;0.19053;2.656;15.1126;0.03664;0;0;0;0;9.0244;0.66685;1.0552;0;0.03664;0.57158;1.1689;0.50211;0;0;3.9718;14.7276;0.50197;0;0;0;0.07328;0.029312;0;1.2877;1.6875;2.3083;8.757;0.025648;12.7068;;0.34808;0;0.37006;2.8176;15.06;0.2235;0;0.1832;2.229;3.0411;6.3319;0.41403;41.1903;0.34808;1.7551;0;4.2869;6.6282;;0.69616;0.19053;0.4983;205.4344;591.8417;244.3077;552.9684;99.7775;36.1197;472.976;6.4963;122.4855;52.4328;64.4829;4.2506;38.0323;30.7879;828.064
2001;0.025648;0;4.1367;0;0.2748;0;0;2.7627;0.15022;0;3.5409;1.7199;0.26014;0;0.043968;2.4952;0.12458;0.82315;2.9574;0;0.12458;0;0.080608;0.35174;0;19.3972;0;0.11358;1.2043;0.025648;0;0;6.5444;0;0;0;0;1.7514;329.3973;3.4039;0;0;0;0.59723;0.32243;1.4236;0.65952;0.77793;1.6288;2.5721;0.098928;1.3879;0;0;1.3667;1.4546;12.8057;0.58624;0;0.021984;0.37977;0.44701;0;0;0;0.047632;0.5058;8.6553;0.029312;0;0.12091;0;0.16854;13.3703;0.94531;0;6.5659;0;0;0.1319;0.99661;0.15755;0;0;0.10259;0.65952;0.63754;1.4076;0.057689;52.3219;15.5976;2.9898;1.8512;13.2747;2.3413;16.6823;0.29678;33.6628;1.5828;0.73645;0.65586;0;0.458;0.2345;0.047632;0.11096;1.44;;0.032976;1.4949;;0.28339;0.45271;0;0.3151;0.025648;0.0916;6.8883;0;0;0;0;0.12824;0.098928;0;16.0007;0.032976;0;0;4.983;0.1319;0.18686;0;0;0.1429;0;0.478;0.047632;0.53474;0.25648;0.021984;1.1945;0;0.85296;0;0.6815;5.4813;0;0.41037;0;0.32243;1.9676;4.3125;0.49098;4.9569;3.6269;0.61922;0.48731;25.9338;0.098928;0.19053;2.7684;15.8625;0.043968;0;0;0;0;10.2702;0.76578;1.2055;0;0.05496;0.30045;1.1874;0.51736;0;0;4.0048;15.0144;0.55326;0;0;0;0.095264;0.032976;0;1.3316;1.7197;2.4952;9.0318;0.03664;13.9085;;0.39938;0;0.34808;2.8506;14.9538;0.2235;0;0.21618;2.44;3.0411;5.8438;0.44701;41.3573;0.50563;1.9932;0;4.3345;8.0095;0;0.74379;0.10626;0.39938;202.885;637.8704;239.7729;600.9825;97.0899;38.2741;515.5374;6.6648;120.8172;54.9354;63.9024;4.1709;36.4531;27.6126;868.368
2002;0.029312;0;4.4847;0;0.29678;0;0;1.9492;0.17587;0;3.4877;1.7357;0.42136;0;0.032976;2.4915;0.15022;0.98293;2.9932;0;0.12458;0;0.080608;0.45434;0;18.9502;0;0.12091;1.1909;0.014656;0;0;6.7426;0;0;0;0;1.7257;361.2704;3.2903;0;0;0;0.59723;0.32243;1.3921;0.65952;0.79901;1.4035;2.6527;0.1319;1.4163;0;0;1.5206;1.4949;14.0295;0.65952;0;0.021984;0.35632;0.44701;0;0;0;0.05496;0.48764;8.6427;0.029312;0;0.12824;0;0.17221;12.6957;0.94531;0;6.3133;0;0;0.11358;0.99661;0.17954;0;0;0.1429;0.60822;0.6009;1.4772;0.038268;57.305;17.2611;3.4039;1.8598;14.253;2.2827;16.6159;0.30778;31.7442;1.7734;0.76795;0.72914;0;0.78776;0.26381;0.12091;0.11913;1.4216;;0.025648;1.6451;;0.2905;0.46822;0;0.30045;0.014656;0.05496;7.1448;0;0;0;0;0.10992;0.098928;0;16.6309;0.07328;0;0;5.082;0.24549;0.2345;0;0;0.1429;0;0.48879;0.051296;0.55092;0.2748;0.025648;1.0479;0;0.8752;0;0.84638;5.4813;0;0.37373;0;0.2235;1.9822;6.6758;0.50197;4.6701;3.9102;0.66685;0.46533;27.6632;0.15022;0.19053;2.6421;17.1162;0.051296;0;0;0;0;11.6039;0.8244;1.1945;0;0.07328;0.098928;1.1442;0.45451;0;0;4.2466;15.5302;0.50563;0;0;0;0.10259;0.032976;0;1.2803;1.6539;2.3303;9.6473;0.051296;15.7845;0;0.39938;0;0.37006;3.0008;15.3452;0.2235;0;0.25282;2.778;3.4881;5.9883;0.51296;42.8982;0.4983;1.9932;0;3.4881;10.523;0;0.77677;0.11358;0.30045;203.452;691.2907;241.5708;653.1719;96.3658;40.6301;561.722;6.8847;121.9098;59.0127;66.2717;4.1449;34.1668;28.5853;923.328
2003;0.03664;0.28946;4.4847;0;0.34808;0;0;2.6014;0.19053;0;3.584;1.7545;0.50563;0;0.065952;2.4915;0.16122;1.1657;2.9335;0;0.12458;0;0.080608;0.44334;0;16.946;0;0.11725;1.2476;0.014656;0;0;6.8162;0;0;0;0;1.8064;429.5784;3.6567;0;0;0;0.56426;0.32243;1.3836;0.67051;0.78425;1.4849;2.759;0.16488;1.3299;0;0;1.4473;1.5462;13.2747;0.6925;0;0.021984;0.33528;0.56426;0;0;0;0.058624;0.46929;8.5557;0.029312;0;0.12824;0;0.17221;13.3734;0.94531;0;6.3681;0;0;0.11358;0.99661;0.17954;0;0;0.1429;0.63021;0.59357;1.4524;0.032113;61.2914;17.6898;0.94898;2.127;15.18;2.3083;17.3216;0.30411;31.2613;1.7514;0.99074;0.8244;0;0.92699;0.37739;0.12458;0.13153;1.9419;;0.010992;1.7441;;0.29246;0.41112;0;0.38106;0.098928;0.080608;8.5921;0;0;0;0;0.10992;0.098928;0;16.7408;0.080608;0;0;5.1809;0.30045;0.28579;0;0;0.14656;0;0.43392;0.051296;0.53408;0.44334;0.025648;1.1468;0;0.9041;0;1.2458;6.478;0;0.44334;0;0.26014;1.9932;6.5109;0.56792;4.5658;3.6161;0.69616;0.47266;30.261;0.12824;0.19053;2.65;18.6663;0.051296;0;0;0;0;12.0326;0.84272;1.0332;0;0.084272;0.07328;0.90499;0.46197;0;0;4.4701;16.0375;0.57891;0;0;0;0.13557;0.032976;0;1.206;1.6179;2.4036;9.204;0.084272;16.2095;0;0.39938;0;0.38106;3.0081;15.824;0.2235;0;0.25282;3.5615;3.9864;5.8675;0.5899;43.0823;0.52395;2.3926;0;3.8362;12.0216;0;0.76944;0.17587;0.19786;206.7756;773.1566;245.7829;734.1493;97.4999;40.9562;641.4031;7.1008;125.7229;60.0814;66.6394;4.228;33.8004;31.3318;1011.264
2004;0.03664;0.28579;5.4813;0;0.37739;0;0;3.1181;0.24915;0;3.5546;1.79;0.71082;0;0.19786;2.4915;0.16122;1.2944;2.837;0;0.12458;0;0.084272;0.52029;0;17.1475;0;0.12091;1.4159;0.014656;0;0;7.1002;0;0;0;0;1.8943;483.3549;3.8985;0;0;0;0.74746;0.32243;1.4704;0.69982;0.84218;1.6268;2.8066;0.20152;1.4589;0;0;1.3227;1.7294;14.3336;0.63021;0;0.021984;0.3648;0.65586;0;0;0;0.058624;0.53206;9.0645;0.029312;0;0.12824;0;0.21251;13.929;0.94531;0;6.3639;0;0;0.11358;1.0955;0.17954;0;0;0.15022;0.6925;0.51662;1.3406;0.049791;64.7795;16.5576;1.2458;2.2951;16.0447;2.2387;17.5747;0.40304;30.6089;1.9456;1.1639;0.89035;0;1.3117;0.43235;0.12458;0.13903;2.1911;;0.058624;1.7954;;0.35102;0.45151;0;0.37373;0.084272;0.058624;7.819;0;0;0;0;0.10992;0.15022;0;17.437;0.029312;0;0;5.4813;0.2748;0.26014;0;0;0.1429;0;0.44587;0.058624;0.48754;0.26014;0.025648;1.1468;0;0.7164;0;1.3044;7.4746;0;0.52029;0;0.2345;2.2937;6.6502;0.63754;5.0701;4.0039;0.69616;0.51296;28.3813;0.21984;0.19053;2.9921;20.9153;0.051296;0;0;0;0;12.6481;1.1908;1.341;0;0.087936;0;1.1948;0.48389;0;0;5.1296;16.2921;0.69616;0;0;0;0.15389;0.032976;0;1.2844;1.7142;2.3706;9.4934;0.095264;17.7521;0;0.39938;0;0.38106;3.3196;17.0516;0.2748;0;0.27846;4.2007;4.4847;5.9766;0.63754;45.6032;0.30778;2.5245;0;2.4915;13.0328;0;0.76944;0.19419;0.24915;215.7;841.4509;251.2184;805.9324;101.5912;45.1478;698.8773;7.2877;133.2227;64.5004;70.1404;4.1594;33.8151;34.7212;1091.872
2005;0.029312;0.24549;6.379;0;0.65586;0;0;3.7849;0.30045;0;3.6641;1.7975;0.76578;0;0.19786;2.5428;0.16854;1.4582;2.934;0;0.12458;0;0.084272;0.51296;0;19.2873;0;0.1319;1.5864;0.014656;0;0;7.1839;0;0;0;0;1.9932;532.6137;4.9611;0;0.051296;0;0.99661;0.32243;1.4999;0.78043;0.82181;1.6245;2.8396;0.26014;1.3634;0;0;1.385;1.8393;16.1729;0.56426;0;0.021984;0.37288;0.78043;0;0;0;0.069616;0.55619;9.1079;0.029312;0;0.12824;0;0.2235;12.9206;0.89768;0;6.7911;0;0;0.12091;1.1945;0;0;0;0.15022;0.68883;0.50197;1.1989;0.053949;72.2541;16.902;1.4949;2.3571;16.2682;2.5392;17.4032;0.42136;31.5794;2.0152;1.196;1.0589;0;1.0699;0.48365;0.12458;0.13495;2.2937;0;0.07328;1.8027;;0.38322;0.44321;0;0.44334;0.07328;0.084272;8.8999;0;0;0;0;0.10992;0.15022;0;18.6608;0.05496;0;0;5.4813;0.24549;0.27114;0;0;0.1429;0;0.42072;0.058624;0.57664;0.26381;0.029312;1.3447;0;0.77991;0;1.3374;8.4712;0;0.52395;0;0.2748;2.5465;7.72;0.71814;5.0571;4.0876;0.74746;0.4983;25.6077;0.31877;0.19053;3.1748;22.256;0.051296;0;0;0;0;12.9889;1.308;1.3593;0;0.084272;0;1.2335;0.49767;0;0;5.7122;16.7918;0.74746;0;0;0;0.16488;0.032976;0;1.3127;1.8266;2.3413;9.9111;0.12458;18.8733;0;0.39938;0;0.34075;3.3342;18.9259;0.32243;0;0.3151;4.715;4.983;5.9412;0.6815;45.9098;0.30778;2.5245;0;2.8909;15.3522;0;0.7731;0.21618;0.30045;219.5374;917.7259;253.5139;883.7494;101.8138;49.409;761.5963;7.7091;135.7834;67.9759;71.7545;4.369;38.6662;35.2167;1172.48
2006;0.025648;0.26014;7.3243;0;0.68517;0;0;4.4481;0.31144;0;3.8881;1.9541;0.80974;0;0.19786;2.5428;0.16854;1.5626;3.112;0;0.74379;0;0.087936;0.61189;0;20.8775;0;0.12091;1.5193;0.014656;0;0;7.3189;0;0;0;0;2.0482;616.2885;5.0014;0;0.051296;0;0.69616;0.17954;1.588;0.85005;0.821;1.7485;3.0704;0.26014;1.3955;0;0;1.8833;2.0482;17.9902;0.65219;0;0.021984;0.4137;0.86104;0;0;0;0.069616;0.574;9.1653;0.029312;0;0.12824;0;0.2235;13.2082;0.89768;0;6.5992;0;0;0.11358;1.1945;0;0;0;0.1429;0.83173;0.50197;1.2959;0.061048;79.7286;17.4406;1.7441;2.3479;17.5909;2.5355;17.4739;0.37739;31.2889;1.9786;1.4048;1.0845;0;1.0955;0.52762;0.19786;0.16953;1.6671;0;0.076944;2.6417;;0.5151;0.43874;0;0.46166;0.07328;0.095264;9.1673;0;0;0;0;0.10992;0.18686;0;20.1117;0.069616;0;0;5.6572;0.30045;0.28579;0;0;0.14656;0;0.39994;0.058624;0.54475;0.26381;0.029312;1.6451;0;0.80452;0;1.799;10.2922;0;0.52395;0;0.30045;2.8799;5.9943;0.81341;5.9837;4.0001;0.78043;0.4983;26.8938;0.4177;0.19786;3.6556;24.5446;0.051296;0;0;0;0;13.4835;1.4363;1.5022;0;0.11725;0;1.364;0.52302;0;0;6.3057;16.7447;0.79875;0;0;0;0.098928;0.032976;0;1.4394;1.8225;2.3926;9.6143;0.13923;19.6354;0;0.39938;0;0.43968;3.4552;19.8705;0.458;0;0.3151;5.4033;6.478;5.8928;0.6815;46.5624;0.30778;2.8396;0;5.4813;16.2901;0;0.7328;0.2748;0.34808;225.761;1031.7755;259.8251;997.7113;104.343;55.1285;857.1962;8.2477;141.7952;72.3463;73.993;4.5611;44.2684;46.8476;1304.384
2007;0.014656;0.44334;7.9142;0;0.69616;0;0;4.7852;0.35907;0;3.9715;2.1308;0.84272;0;0.19786;2.5428;0.14656;1.6186;3.0874;0;0.7731;0;0.087936;0.63754;0;23.1968;0;0.098928;1.9405;0.014656;0;0.043968;7.3229;0;0;0;0;2.2131;678.276;5.5143;0;0.051296;0;1.1468;0.2345;1.6119;0.89768;0.81241;2.0431;3.0558;0.26381;1.4071;0;0;2.0445;2.2021;20.13;0.64853;0;0.021984;0.59672;0.80974;0;0;0;0.07328;0.59957;9.3337;0.029312;0;0.11358;0;0.2235;14.306;0.89768;0;6.4066;0;0;0.11358;1.2458;0;0;0;0.1429;0.88669;0.4983;1.3281;0.063172;84.7117;17.9389;2.2424;2.3741;20.4305;2.4915;17.914;0.29678;29.9892;2.1215;1.6327;1.2677;0;1.0955;0.61189;0.19786;0.17181;1.9676;0;0.076944;2.5941;0;0.52388;0.43334;0;0.47266;0.13557;0.0916;9.7059;0;0;0;0;0.10992;0.20518;0;19.3129;0.087936;0;0;6.3754;0.32976;0.30411;0;0;0.15022;0;0.40297;0.062288;0.6873;0.26381;0.021984;2.3413;0;0.86883;0;1.9346;12.8277;0;0.52395;0;0.30045;3.1034;6.5036;0.86837;7.0504;4.1658;1.1945;0.57158;26.0034;0.39938;0.19786;4.054;27.6448;0.051296;0;0;0;0;15.1323;1.5719;1.5682;0;0.12458;0;1.458;0.5557;0;0;6.804;16.8239;0.84638;0;0;0;0.16122;0.032976;0;1.3369;1.8566;2.5428;9.4458;0.15755;17.7741;0;0.49464;0;0.45067;3.5138;21.6326;0.46899;0;0.32243;6.074;7.9729;6.117;0.81341;45.2288;0.30778;3.239;0;3.9864;18.4885;0;0.86104;0.26747;0.19786;231.8805;1120.2687;261.5132;1090.636;108.9856;60.4523;927.1292;8.9182;150.6328;81.8175;71.8647;4.7944;46.5401;47.4988;1399.648
2008;0.01832;0.458;8.669;0;0.88669;0;0;4.8365;0.38472;0;3.8629;2.133;0.79509;0;0.21984;2.4915;0.15755;1.8135;3.0325;0;0.74746;0;0.087936;0.69982;0;25.8972;0;0.12091;1.8624;0.014656;0;0.38472;6.6196;0;0;0;0;2.3047;697.6256;5.2102;0;0.051296;0;1.2458;0.17954;1.5269;0.85005;0.8182;1.9961;3.195;0.20518;1.1547;0;0;1.9932;2.737;19.8552;0.64853;0;0.021984;0.60272;0.91234;0;0;0;0.069616;0.6383;8.8792;0.029312;0;0.11358;0;0.2235;13.4441;0.89768;0;6.0535;0;0;0.11358;1.2458;0;0;0;0.1429;0.89035;0.4983;1.2606;0.060828;92.1862;17.9389;3.217;2.1067;22.1232;2.3999;16.1272;0.36274;27.9246;2.1801;1.5778;1.4106;0;1.2971;0.60822;0.19786;0.16779;2.1178;0;0.047632;2.7443;0;0.45381;0.40386;0;0.458;0.17954;0.11358;9.7829;0;0;0;0;0.10992;0.16122;0;18.5069;0.13557;0;0;6.9982;0.37006;0.33709;0;0;0.14656;0;0.39894;0.069616;0.63909;0.26381;0.01832;2.4915;0;0.83264;0;1.9896;15.3485;0;0.91966;0;0.30045;3.4478;6.6612;0.98928;6.693;4.0116;1.8943;0.4983;25.7396;0.37373;0.19786;4.1427;23.6254;0.051296;0;0;0;0;15.8578;1.5352;1.7111;0;0.12824;0;1.5819;0.60805;0;0;6.7124;14.3895;0.89768;0;0;0;0.12458;0.032976;0;1.3949;1.8323;2.6601;8.636;0.095264;15.7735;0;0.67418;0;0.47632;3.7666;23.2693;0.51296;0;0.32243;6.1892;10.9041;5.2026;0.8757;41.1608;0.30778;3.2903;0;4.0854;19.9358;0;1.0516;0.27846;0.19786;213.014;1163.8391;247.2662;1129.5869;101.0848;62.4529;953.5522;9.4201;139.1392;91.1816;66.2873;4.6412;50.1785;41.1149;1417.968
2009;0.014656;0.55326;9.3322;0;0.89768;0;0;4.6753;0.2345;0;3.829;1.7986;0.6412;0;0.34808;2.4915;0.15022;1.8745;2.7952;0;0.74746;0;0.087936;0.53494;0;25.7872;0;0.10992;0.9997;0.014656;0;0.46533;5.1081;0;0;0;0;1.9309;819.2118;4.602;0;0.05496;0;0.74746;0.13923;1.2242;0.80974;0.6731;1.5661;3.1877;0.23083;0.76441;0;0;1.4949;2.4879;23.369;0.60456;0;0.021984;0.257;1.0479;0;0;0;0.05496;0.38184;7.6789;0.029312;0;0.12458;0;0.43235;12.3128;0.89768;0;4.5817;0;0;0.11358;1.3703;0;0;0;0.1429;0.84638;0.4983;0.97271;0.028097;102.1523;11.0616;3.239;1.3268;24.9152;2.3706;13.3407;0.3664;24.7551;1.9309;1.3698;1.6561;0;0.99661;0.28946;0.19786;0.17885;2.4402;0;0.03664;3.239;0;0.28402;0.37806;0;0.45434;0.19419;0.11725;9.6949;0;0;0;0;0.10992;0.16854;0;17.5212;0.11725;0;0;7.2364;0.38838;0.33342;0;0;0.14656;0;0.41621;0.069616;0.58605;0.32243;0.01832;2.4915;0;0.84193;0;1.9932;16.3451;0;0.83539;0;0.30045;3.4185;7.4086;1.1432;5.7572;3.2225;2.0408;0.4983;24.9775;0.34808;0.18686;3.0931;19.7464;0.047632;0;0;0;0;18.1881;1.6561;1.4106;0;0.11725;0;1.1987;0.43325;0;0;5.8734;11.402;0.94531;0;0;0;0.31144;0.032976;0;1.2603;1.8287;2.792;7.9326;0.098928;16.7225;0;0.57891;0;0.43235;3.7409;25.4944;0.5496;0;0.32243;2.5437;9.4678;3.7205;0.9673;29.4324;0.52395;3.4148;0;4.2356;24.3216;0;1.0552;0.43968;0.34808;170.0447;1301.2485;214.2695;1257.0236;82.0183;67.5129;1080.2101;8.3466;112.1828;97.2722;52.0618;4.5396;49.1672;38.2748;1509.568
2010;0.01832;0.64853;9.5191;0;0.74746;0;0;5.1956;0.24182;0;3.5486;1.6221;0.63754;0;0.34808;2.4915;0.15022;1.9633;2.5825;0;0.71082;0;0.098928;0.47266;0;29.4586;0;0.10992;0.80521;0.014656;0;0.39205;5.6994;0;0;0;0;1.9273;906.9133;4.7266;0;0.040304;0;0.63754;0.13923;1.1983;0.79875;0.55505;1.4693;3.1877;0.24549;0.67222;0;0;1.4949;2.7407;23.8197;0.59723;0;0.021984;0.31043;1.4436;0;0;0;0.058624;0.52383;7.8871;0.029312;0;0.098928;0;0.42869;12.1877;1.1945;0;4.2086;0;0;0.11358;0.99661;0;0;0;0.1429;0.89768;0.4983;0.73535;0.0099239;109.6269;13.9525;3.239;1.1051;27.4067;2.5611;13.276;0.35907;23.7844;1.9566;1.6533;1.8503;0;0.99661;0.30045;0.19786;0.4312;2.6051;0;0.03664;2.9898;0;0.28904;0.39149;0;0.41037;0.20885;0.095264;9.8488;0;0;0;0;0.10992;0.17587;0;17.1915;0.16122;0;0;6.9763;0.43968;0.26747;0.003664;0;0.14656;0;0.34819;0.080608;0.55742;0.30045;0.01832;2.9898;0;0.75403;0;2.2424;16.3451;0;0.44701;0;0.30045;4.1843;7.9216;1.2018;6.2215;3.3763;1.8833;0.4983;23.6291;0.44701;0.18686;2.7779;22.688;0.047632;0;0;0;0;21.079;2.0262;1.3593;0;0.15022;0;0.84458;0.36787;0;0;5.4154;11.1974;0.99661;0;0;0;1.0516;0.032976;0;1.3222;1.9386;2.9898;8.1231;0.1429;18.1844;0;0.57158;0;0.39938;4.0231;28.9231;0.5496;0;0.32243;2.8336;8.9695;3.792;1.1505;31.2557;0.4983;3.4258;0;3.9864;27.7988;0;1.7441;0.56059;0.39938;173.0131;1420.3328;216.2221;1377.1239;80.4985;70.1839;1182.0746;7.4452;114.0238;106.9443;54.1466;4.2453;54.2822;37.134;1630.48
2011;0.01832;0.64853;9.9661;0;0.74746;0;0;5.7781;0.24915;0;3.4955;1.6657;0.72181;0;0.39938;2.4915;0.15022;1.9587;2.7616;0;0.39938;0;0.098928;0.44334;0;31.9391;0;0.11358;0.79075;0.014656;0;0.39205;5.7412;0;0;0;0;2.1947;1045.9401;5.3714;0;0.051296;0;0.79875;0.15022;1.0504;0.79875;0.54604;1.6645;3.1877;0.19053;0.8618;0;0;1.4949;2.9898;21.9254;0.59723;0;0.021984;0.41612;1.9932;0;0;0;0.058624;0.56371;8.0648;0.029312;0;0.098928;0;0.43235;13.1307;1.4949;0;2.4304;0;0;0.11358;0.74746;0;0;0;0.1429;0.85371;0.4983;0.56362;0.019647;119.593;14.9491;3.9864;0.96627;30.3965;2.5904;12.5833;0.34808;24.4499;1.9932;2.4929;1.9786;0;1.1212;0.32243;0.19786;0.55866;2.7407;0;0.029312;1.4949;0;0.31984;0.41112;0;0.48731;0.20885;0.10259;9.7169;0;0;0;0;0.10992;0.19786;0;17.6385;0.15022;0;0;5.9796;0.48731;0.26747;0.12458;0;0.14656;0;0.35095;0.07328;0.52853;0.30045;0.01832;5.7818;0;0.74893;0;2.2424;15.9457;0;0.44701;0;0.30045;4.0377;7.9729;1.3227;7.3794;2.8132;1.9932;0.4983;24.0688;0.44701;0.17587;3.0888;25.0903;0.047632;0;0;0;0;24.0981;1.9932;1.3447;0;0.15389;0;1.2389;0.31606;0;0;5.5986;9.5227;1.0955;0;0;0;2.5904;0.029312;0;1.3593;1.9035;2.9898;8.3979;0.15022;18.276;0;0.88669;0;0.39938;3.9864;28.234;0.59723;0;0.32243;3.8399;8.4712;4.0955;1.1945;32.0102;0.4983;3.4881;0;3.8362;29.3963;0;1.4949;0.69616;0.44701;176.7956;1585.445;216.7835;1545.4571;79.5141;72.0489;1335.8188;7.3024;116.446;112.7515;55.3898;4.156;58.3272;36.7834;1799.024
2012;0.017838;0.72059;9.9661;0;0.79729;0;0;5.3415;0.2586;0;3.5182;1.6725;0.99584;0;0.43266;2.5441;0.11856;2.1835;2.6426;0;0.38023;0;0.094745;0.42001;0;34.2782;0;0.1175;0.99783;0.014904;0;0.4236;6.2868;0;0;0;0;2.3521;1101.2518;5.4452;0;0.10992;0;0.74883;0.11836;0.99887;0.84338;0.50454;1.517;3.1877;0.15683;0.87108;0;0;1.5447;2.9867;27.8969;0.63343;0;0.021984;0.40744;1.812;0;0;0;0.058624;0.49962;7.5015;0.028366;0;0.10882;0;0.43235;13.0281;1.7587;0;3.0993;0;0;0.11358;0.76866;0;0;0;0.1429;0.84872;0.51108;0.67842;0;129.1604;16.8525;3.9864;1.177;32.2388;2.5999;10.0715;0.34535;25.0596;2.4417;2.1864;2.0501;0;1.1212;0.33355;0.19786;0.57663;2.7407;0;0.039445;0.85424;0;0.39519;0.37486;0;0.33928;0.20885;0.090968;9.959;0;0;0;0;0.10992;0.19961;0;18.0291;0.12307;0;0;6.053;0.59117;0.2983;0.16003;0;0.14656;0;0.30809;0.062667;0.56863;0.30045;0.01832;7.4079;0;0.72542;0;2.3321;16.444;0;0.49834;0;0.29312;4.2752;9.3845;1.3506;6.3843;2.5504;2.1925;0.61435;23.4892;0.51385;0.24622;3.1503;26.2516;0.050672;0;0;0;0;26.4114;1.9983;1.1752;0;0.16576;0;1.0786;0.32591;0;0;5.7611;8.7542;1.1951;0;0;0;3.0003;0.045156;0;1.4766;1.7871;2.9898;7.8766;0.11656;20.4955;0;1.2268;0;0.31583;4.0915;30.3277;0.75649;0;0.30966;3.2171;8.0005;3.7155;1.2797;35.0512;0.4983;3.5412;0;3.8065;28.014;0;3.1439;0.69616;0.44701;176.7191;1674.1097;217.9296;1632.8992;74.7578;80.7035;1405.4656;7.3326;112.0916;120.9592;59.3672;4.2082;60.701;36.9142;1887.743
2013;0.017838;0.72059;9.9661;0;0.79729;0;0;5.3415;0.2586;0;3.5182;1.6725;0.99584;0;0.43266;2.5441;0.11856;2.1835;2.6426;0;0.38023;0;0.094745;0.42001;0;34.8827;0;0.1175;0.99783;0.014904;0;0.4236;6.2868;0;0;0;0;2.3521;1205.8957;5.4452;0;0.10992;0;0.74883;0.11836;0.99887;0.84338;0.50454;1.517;3.1877;0.15683;0.87108;0;0;1.5447;2.9867;25.269;0.63343;0;0.021984;0.40744;1.812;0;0;0;0.058624;0.49962;7.5015;0.028366;0;0.10882;0;0.43235;12.5733;1.7587;0;3.0993;0;0;0.11358;0.76866;0;0;0;0.1429;0.84872;0.51108;0.67842;0;133.9441;18.5047;3.9864;1.177;33.1599;2.5999;6.7143;0.34535;26.2787;2.4417;2.1864;2.0501;0;1.1212;0.33355;0.19786;0.57663;2.7407;0;0.039445;0.85424;0;0.39519;0.37486;0;0.33928;0.20885;0.090968;9.959;0;0;0;0;0.10992;0.19961;0;17.2399;0.12307;0;0;6.053;0.59117;0.2983;0.16003;0;0.14656;0;0.30809;0.062667;0.56863;0.30045;0.01832;7.4079;0;0.72542;0;2.3321;15.4474;0;0.49834;0;0.29312;4.2752;9.3845;1.3506;6.3843;2.5504;2.1925;0.61435;23.5954;0.51385;0.24622;3.1503;28.2514;0.050672;0;0;0;0;28.4047;1.9983;1.1752;0;0.16576;0;1.0786;0.32591;0;0;5.7611;8.7542;1.1951;0;0;0;3.0003;0.045156;0;1.4766;1.7871;2.9898;7.8766;0.11656;20.9713;0;1.2268;0;0.31583;4.0915;33.8509;0.75649;0;0.30966;3.2171;8.0005;3.7155;1.2797;36.2047;0.4983;3.5412;0;3.8065;29.2596;0;3.1439;0.69616;0.44701;177.2796;1789.6454;219.3306;1747.5944;70.946;78.0755;1518.5955;7.3326;110.2794;127.3968;59.7315;4.2082;61.3055;44.0388;2010.9638
2014;0.017838;0.72059;9.9661;0;0.79729;0;0;5.3415;0.2586;0;3.5182;1.6725;0.99584;0;0.43266;2.5441;0.11856;2.1835;2.6426;0;0.38023;0;0.094745;0.42001;0;35.8793;0;0.1175;0.99783;0.014904;0;0.4236;6.2868;0;0;0;0;2.3521;1245.76;5.4452;0;0.10992;0;0.74883;0.11836;0.99887;0.84338;0.50454;1.517;3.1877;0.15683;0.87108;0;0;1.5447;2.9867;25.269;0.63343;0;0.021984;0.40744;1.812;0;0;0;0.058624;0.49962;7.5015;0.028366;0;0.10882;0;0.43235;12.4528;1.7587;0;3.0993;0;0;0.11358;0.76866;0;0;0;0.1429;0.84872;0.51108;0.67842;0;133.9441;19.8264;3.9864;1.177;34.5415;2.5999;6.7143;0.34535;26.5534;2.4417;2.1864;2.0501;0;1.1212;0.33355;0.19786;0.57663;2.7407;0;0.039445;0.85424;0;0.39519;0.37486;0;0.33928;0.20885;0.090968;9.959;0;0;0;0;0.10992;0.19961;0;17.4392;0.12307;0;0;6.053;0.59117;0.2983;0.16003;0;0.14656;0;0.30809;0.062667;0.56863;0.30045;0.01832;7.4079;0;0.72542;0;2.3321;15.9457;0;0.49834;0;0.29312;4.2752;9.3845;1.3506;6.3843;2.5504;2.1925;0.61435;23.7949;0.51385;0.24622;3.1503;29.3576;0.050672;0;0;0;0;31.3946;1.9983;1.1752;0;0.16576;0;1.0786;0.32591;0;0;5.7611;8.7542;1.1951;0;0;0;3.0003;0.045156;0;1.4766;1.7871;2.9898;7.8766;0.11656;20.9713;0;1.2268;0;0.31583;4.0915;35.6075;0.75649;0;0.30966;3.2171;8.0005;3.7155;1.2797;38.9645;0.4983;3.5412;0;3.8065;30.2685;0;3.1439;0.69616;0.44701;181.2998;1839.8625;224.4001;1796.7622;70.8255;78.0755;1561.7631;7.3326;111.2652;133.5251;62.6906;4.2082;62.3021;39.0898;2060.2521
